color::blue,color::green,color::red,shape::cube,shape::cylinder,shape::sphere,size::large,material::rubber
-0.07718602567911148,0.40885913372039795,-0.35651543736457825,-0.15329010784626007,0.7037907838821411,-0.41864627599716187,0.002246791496872902,0.002246791496872902
-0.23183423280715942,-0.17972546815872192,0.42894482612609863,0.5934972763061523,-0.14702379703521729,-0.3685111403465271,-0.07496563345193863,-0.07496563345193863
-0.1774311065673828,0.4021756649017334,-0.24671152234077454,0.48355257511138916,-0.0850755125284195,-0.3270331025123596,-0.004880761727690697,-0.004880761727690697
0.31236451864242554,-0.2726033926010132,-0.029544489458203316,0.426669716835022,-0.04416823387145996,-0.3124082386493683,-0.00036932528018951416,-0.00036932528018951416
-0.3008357286453247,0.5542503595352173,-0.2823179364204407,0.5183408260345459,-0.11981204152107239,-0.3284772038459778,0.02842041291296482,0.02842041291296482
-0.12637382745742798,-0.15174496173858643,0.2911098599433899,-0.43991315364837646,-0.45402443408966064,0.7076297998428345,-0.05604574829339981,-0.05604574829339981
-0.30050450563430786,0.30902618169784546,-0.0214071162045002,0.5337246656417847,-0.11156727373600006,-0.34733301401138306,0.017661646008491516,0.017661646008491516
0.35079118609428406,-0.18752697110176086,-0.15954236686229706,0.5114069581031799,-0.062072545289993286,-0.3674052953720093,-0.04493202269077301,-0.04493202269077301
-0.19889101386070251,-0.2208494246006012,0.439011812210083,-0.5050346255302429,-0.4621013402938843,0.7667473554611206,0.011195520870387554,0.011195520870387554
-0.08771328628063202,-0.1817384958267212,0.2834625244140625,-0.16778679192066193,0.5297025442123413,-0.2725258469581604,-0.05979849398136139,-0.05979849398136139
-0.1420738697052002,-0.2901064157485962,0.45459550619125366,0.6076632738113403,-0.1402490735054016,-0.38524341583251953,-0.0844421535730362,-0.0844421535730362
0.5681135058403015,-0.20514711737632751,-0.36337965726852417,-0.1957715004682541,0.7464173436164856,-0.4170435667037964,-0.04614948481321335,-0.04614948481321335
-0.11727040261030197,-0.19455240666866302,0.32738998532295227,0.5375184416770935,-0.11776059120893478,-0.34563443064689636,-0.06386815011501312,-0.06386815011501312
-0.15748488903045654,0.506433367729187,-0.3782140612602234,-0.14874586462974548,0.4928925037384033,-0.2595815360546112,0.032752975821495056,0.032752975821495056
0.5460280776023865,-0.2567775547504425,-0.2857522964477539,-0.17516633868217468,0.7072404623031616,-0.40354302525520325,-0.021745894104242325,-0.021745894104242325
0.2850114703178406,-0.17284131050109863,-0.10780785977840424,-0.1135263442993164,-0.14928805828094482,0.2074025422334671,-0.016260787844657898,-0.016260787844657898
0.5711742639541626,-0.26129281520843506,-0.30669987201690674,-0.1597839891910553,0.6429845690727234,-0.3664470911026001,-0.009076006710529327,-0.009076006710529327
-0.11063051223754883,0.29778891801834106,-0.20392832159996033,-0.3483927845954895,-0.25047236680984497,0.47622135281562805,0.06724518537521362,0.06724518537521362
-0.1915244162082672,0.48549437522888184,-0.3210391104221344,-0.03538346290588379,0.5686337351799011,-0.41009318828582764,0.014833171851933002,0.014833171851933002
-0.3788607716560364,0.5470101833343506,-0.19468152523040771,0.5733014345169067,-0.11099861562252045,-0.3799116909503937,0.01571136713027954,0.01571136713027954
0.3779755234718323,-0.0974472165107727,-0.28335466980934143,0.3976680636405945,-0.0473363921046257,-0.2864113748073578,-0.019938476383686066,-0.019938476383686066
-0.21525074541568756,-0.2070743441581726,0.44109421968460083,-0.45890694856643677,-0.3893681466579437,0.6731577515602112,0.022183669731020927,0.022183669731020927
-0.35449472069740295,0.46818941831588745,-0.13566845655441284,0.6517161726951599,-0.19484707713127136,-0.3788836896419525,0.01584392413496971,0.01584392413496971
0.18519283831119537,-0.17798826098442078,-7.770955562591553e-05,0.3671709895133972,-0.035336934030056,-0.2709052562713623,-0.0376041978597641,-0.0376041978597641
-0.15143021941184998,0.35057419538497925,-0.21837109327316284,-0.3031121492385864,-0.2611372470855713,0.4476797580718994,0.05778048187494278,0.05778048187494278
0.04478208348155022,-0.24045559763908386,0.21029838919639587,-0.14231857657432556,0.6609320640563965,-0.3944811522960663,-0.09889569133520126,-0.09889569133520126
0.44412755966186523,-0.31049394607543945,-0.12414608895778656,-0.11814723908901215,0.6300982236862183,-0.3903152346611023,-0.012208621017634869,-0.012208621017634869
-0.26999545097351074,0.3722729980945587,-0.1200384646654129,0.5912756323814392,-0.06233695149421692,-0.43206167221069336,0.022388312965631485,0.022388312965631485
-0.1483592689037323,0.436123251914978,-0.3126566410064697,-0.1416226029396057,0.5848332047462463,-0.3363190293312073,0.03612387925386429,0.03612387925386429
-0.2442830502986908,-0.23060324788093567,0.4958993196487427,-0.3698599338531494,-0.4679480195045471,0.6614855527877808,0.036947544664144516,0.036947544664144516
-0.29046934843063354,-0.16832002997398376,0.47685548663139343,0.6536504030227661,-0.14915616810321808,-0.41571521759033203,-0.0522344671189785,-0.0522344671189785
-0.16033700108528137,-0.2533037066459656,0.43409502506256104,0.6630528569221497,-0.0951789915561676,-0.4650062918663025,-0.09382530301809311,-0.09382530301809311
-0.34044307470321655,0.43949711322784424,-0.11949458718299866,0.6458532810211182,-0.12730088829994202,-0.4262494444847107,0.005287675186991692,0.005287675186991692
-0.3170226216316223,-0.1495848298072815,0.48409515619277954,0.6192725896835327,-0.16071529686450958,-0.3788769245147705,-0.030029188841581345,-0.030029188841581345
-0.27944180369377136,-0.20580309629440308,0.5054924488067627,-0.27933791279792786,-0.40771788358688354,0.5414925813674927,0.03329699486494064,0.03329699486494064
-0.11853460967540741,0.3369305431842804,-0.23753157258033752,-0.47971683740615845,-0.33607563376426697,0.6489301919937134,0.069578617811203,0.069578617811203
-0.08366508781909943,-0.26919713616371155,0.37249013781547546,-0.06631587445735931,0.6981297731399536,-0.48490840196609497,-0.03235357627272606,-0.03235357627272606
0.32294946908950806,-0.250477135181427,-0.06395922601222992,-0.10484039783477783,0.45657816529273987,-0.2672121226787567,-0.009282215498387814,-0.009282215498387814
0.24965374171733856,-0.17586292326450348,-0.06837087124586105,-0.35154640674591064,-0.3436596095561981,0.5506970882415771,0.01563258469104767,0.01563258469104767
-0.18907710909843445,-0.173129141330719,0.37812018394470215,-0.07185082882642746,0.506094217300415,-0.3322153389453888,-0.06593779474496841,-0.06593779474496841
-0.2003234177827835,0.5093644857406616,-0.33745622634887695,0.0019127652049064636,0.4247095584869385,-0.32931146025657654,0.005520308390259743,0.005520308390259743
0.47341734170913696,-0.24270570278167725,-0.22636672854423523,-0.09630566835403442,0.6315929889678955,-0.4092060923576355,-0.027460642158985138,-0.027460642158985138
-0.2728675901889801,-0.18330469727516174,0.474789559841156,-0.21671190857887268,-0.37091878056526184,0.4622359275817871,0.007920258678495884,0.007920258678495884
-0.2257958948612213,-0.20618808269500732,0.4509517550468445,-0.4339244067668915,-0.4708801507949829,0.715774416923523,0.05158432573080063,0.05158432573080063
0.3823915421962738,-0.22755171358585358,-0.1492708921432495,-0.47389400005340576,-0.42372316122055054,0.7118411064147949,0.03289115056395531,0.03289115056395531
-0.16896523535251617,0.4799894690513611,-0.33828240633010864,-0.09427258372306824,0.6297221183776855,-0.40941327810287476,0.051978979259729385,0.051978979259729385
-0.32966148853302,0.3780633509159088,-0.06508974730968475,-0.39757484197616577,-0.44237446784973145,0.6642568111419678,0.0658680647611618,0.0658680647611618
-0.2983943521976471,-0.18513363599777222,0.5028856992721558,0.6355811357498169,-0.2084939181804657,-0.3552490472793579,-0.03640533983707428,-0.03640533983707428
-0.07373582571744919,-0.2293621003627777,0.31988096237182617,-0.11417282372713089,0.7310202121734619,-0.4714266061782837,-0.051499199122190475,-0.051499199122190475
0.5263276696205139,-0.28640812635421753,-0.23400571942329407,-0.1661829650402069,0.61905837059021,-0.34278619289398193,-0.027379777282476425,-0.027379777282476425
-0.12705878913402557,0.30783388018608093,-0.19780190289020538,-0.11800786107778549,0.6124610900878906,-0.37681737542152405,0.01591739058494568,0.01591739058494568
-0.2672469913959503,0.49788954854011536,-0.25667980313301086,0.5981518626213074,-0.06761900335550308,-0.4335695505142212,-0.023512115702033043,-0.023512115702033043
0.33828678727149963,-0.25297820568084717,-0.0770050659775734,-0.4365234673023224,-0.423781156539917,0.6815376877784729,0.013953708112239838,0.013953708112239838
0.4052872955799103,-0.1386156678199768,-0.26747193932533264,0.3912397027015686,-0.0253708865493536,-0.2981422543525696,-0.04616662487387657,-0.04616662487387657
0.3857935667037964,-0.240012526512146,-0.1394805759191513,-0.09075337648391724,0.5333296656608582,-0.337882936000824,-0.006977838929742575,-0.006977838929742575
-0.20201656222343445,-0.14886441826820374,0.36552393436431885,-0.45462802052497864,-0.4443689286708832,0.7121281623840332,-0.02415812946856022,-0.02415812946856022
0.37859493494033813,-0.12876856327056885,-0.2506207823753357,-0.5056663751602173,-0.2974797487258911,0.640218198299408,0.043715737760066986,0.043715737760066986
-0.2664920687675476,0.42163610458374023,-0.17621618509292603,-0.5036560893058777,-0.4211990535259247,0.734062671661377,0.060826435685157776,0.060826435685157776
-0.2799674868583679,0.45375391840934753,-0.19662973284721375,-0.5300080180168152,-0.410811185836792,0.7474462985992432,0.057407230138778687,0.057407230138778687
0.5044291019439697,-0.3013710677623749,-0.19563359022140503,-0.13398927450180054,0.6411830186843872,-0.3860044479370117,-0.03325274959206581,-0.03325274959206581
-0.16542848944664001,0.541101336479187,-0.40701085329055786,-0.09200630336999893,0.5209655165672302,-0.3273237347602844,0.014634192921221256,0.014634192921221256
-0.2762007713317871,-0.21772107481956482,0.5148693323135376,-0.38884252309799194,-0.4716991186141968,0.6797959208488464,0.017630264163017273,0.017630264163017273
0.6316914558410645,-0.3176143169403076,-0.30868709087371826,-0.1925901621580124,0.7081993222236633,-0.3901333212852478,-0.06244140490889549,-0.06244140490889549
0.4190230369567871,-0.22509576380252838,-0.18940997123718262,-0.5317593812942505,-0.3829267621040344,0.7273494601249695,0.008498536422848701,0.008498536422848701
-0.2573395073413849,-0.198384091258049,0.4749486744403839,-0.23269468545913696,-0.3779124319553375,0.48061254620552063,0.03693138062953949,0.03693138062953949
-0.1398206353187561,-0.12319894880056381,0.27447232604026794,-0.47786039113998413,-0.4504300653934479,0.7356724739074707,0.027150869369506836,0.027150869369506836
-0.11476698517799377,-0.2237054705619812,0.35588404536247253,-0.13618269562721252,0.475019246339798,-0.25599077343940735,0.026001671329140663,0.026001671329140663
-0.14363637566566467,0.3730736970901489,-0.25032445788383484,-0.47909021377563477,-0.3336218595504761,0.6465276479721069,0.0255192369222641,0.0255192369222641
0.2836095094680786,-0.2238440066576004,-0.05203589051961899,-0.3893941044807434,-0.3780438005924225,0.6079678535461426,0.025474172085523605,0.025474172085523605
-0.2801603674888611,0.37535908818244934,-0.11291411519050598,0.5903796553611755,-0.13782835006713867,-0.37307560443878174,0.02072749473154545,0.02072749473154545
-0.25342482328414917,-0.23923173546791077,0.5144559144973755,-0.32121193408966064,-0.4265410304069519,0.5900242924690247,0.01869584619998932,0.01869584619998932
-0.2194788008928299,-0.12107698619365692,0.3538075089454651,0.5298634171485901,-0.09435462206602097,-0.3574807345867157,-0.03293786942958832,-0.03293786942958832
-0.2854479253292084,0.3797122836112976,-0.11213555186986923,-0.3961471617221832,-0.4417728781700134,0.6626331806182861,0.05291108787059784,0.05291108787059784
-0.29167234897613525,-0.2238558977842331,0.5372531414031982,-0.32133325934410095,-0.45438456535339355,0.6116102933883667,0.03638612478971481,0.03638612478971481
0.5064790844917297,-0.21513986587524414,-0.289600133895874,-0.2140158712863922,0.6137582659721375,-0.2998514175415039,-0.07010818272829056,-0.07010818272829056
0.43969467282295227,-0.21338939666748047,-0.22305594384670258,0.41844063997268677,-0.05370296537876129,-0.29836732149124146,-0.05476735159754753,-0.05476735159754753
0.5043430924415588,-0.20971569418907166,-0.29319074749946594,-0.15454944968223572,0.4436436891555786,-0.21686211228370667,-0.03920190408825874,-0.03920190408825874
-0.25940829515457153,-0.24573060870170593,0.5275084972381592,-0.3514035940170288,-0.4631238579750061,0.6427744626998901,0.006906431168317795,0.006906431168317795
-0.2540331780910492,-0.20812632143497467,0.4819408059120178,-0.3434295654296875,-0.5019975900650024,0.6662985682487488,0.0301678404211998,0.0301678404211998
-0.2728068232536316,0.38544875383377075,-0.131195530295372,0.5981302857398987,-0.12047804892063141,-0.39275944232940674,0.0393761470913887,0.0393761470913887
0.27705127000808716,-0.19608356058597565,-0.07489282637834549,0.6205340623855591,-0.04935569316148758,-0.4658401310443878,-0.011616342701017857,-0.011616342701017857
0.5137986540794373,-0.32446736097335815,-0.18062540888786316,0.4625983238220215,-0.05108329653739929,-0.3362489938735962,-0.04753844439983368,-0.04753844439983368
0.34906089305877686,-0.2587885856628418,-0.08185124397277832,0.6010996103286743,-0.04624731093645096,-0.4524564743041992,-0.061224281787872314,-0.061224281787872314
-0.29520153999328613,0.49777886271476746,-0.22792723774909973,0.6010672450065613,-0.07345689833164215,-0.4314318299293518,0.016645513474941254,0.016645513474941254
0.31018322706222534,-0.20371779799461365,-0.10069748759269714,-0.43245378136634827,-0.32540321350097656,0.6023122072219849,0.0662488266825676,0.0662488266825676
-0.09191800653934479,-0.2570686340332031,0.36802271008491516,-0.18247553706169128,0.6517633199691772,-0.35479429364204407,-0.002839254215359688,-0.002839254215359688
-0.2239098846912384,-0.19698366522789001,0.43921372294425964,0.6777712106704712,-0.15135875344276428,-0.4336037039756775,-0.0603247806429863,-0.0603247806429863
0.49132484197616577,-0.31974369287490845,-0.16263726353645325,0.5876476764678955,-0.09228138625621796,-0.40600669384002686,-0.044834695756435394,-0.044834695756435394
-0.25736549496650696,0.4882599711418152,-0.2565426826477051,-0.544983983039856,-0.3704884648323059,0.7284901142120361,0.062496475875377655,0.062496475875377655
-0.302128404378891,0.40699344873428345,-0.12411334365606308,0.5787858963012695,-0.13767744600772858,-0.36377695202827454,0.04380892217159271,0.04380892217159271
0.4354037046432495,-0.21291595697402954,-0.21916498243808746,0.5518505573272705,-0.0794910192489624,-0.386806845664978,-0.0648937001824379,-0.0648937001824379
-0.20422601699829102,0.4063029885292053,-0.22366179525852203,-0.14026886224746704,0.689576268196106,-0.41825103759765625,0.04429517686367035,0.04429517686367035
-0.30774450302124023,0.4413192868232727,-0.15492971241474152,0.6090466976165771,-0.1391368806362152,-0.38722506165504456,0.04744434356689453,0.04744434356689453
-0.221485435962677,-0.21224108338356018,0.45298486948013306,0.5426144599914551,-0.19624944031238556,-0.28920120000839233,-0.0637931376695633,-0.0637931376695633
0.3155953884124756,-0.28721845149993896,-0.017283786088228226,0.5798347592353821,-0.05001433938741684,-0.43228036165237427,-0.031210703775286674,-0.031210703775286674
-0.3204638957977295,0.46022599935531616,-0.16204333305358887,0.5917763710021973,-0.15196958184242249,-0.3632968068122864,-0.028419451788067818,-0.028419451788067818
-0.16279412806034088,0.44516921043395996,-0.30750781297683716,-0.4432360827922821,-0.29074716567993164,0.5843235850334167,0.041015781462192535,0.041015781462192535
-0.13688133656978607,-0.23001223802566528,0.3852551579475403,-0.17023217678070068,0.601143479347229,-0.32567256689071655,-0.06833568215370178,-0.06833568215370178
-0.19137147068977356,0.43198180198669434,-0.2641860544681549,-0.13547199964523315,0.6514096260070801,-0.3926924169063568,0.038287363946437836,0.038287363946437836
-0.11777333915233612,-0.21679571270942688,0.35160210728645325,-0.11515560001134872,0.517358660697937,-0.30574098229408264,-0.06730128079652786,-0.06730128079652786
-0.11659427732229233,0.48297399282455444,-0.3951069116592407,-0.08114226162433624,0.5126111507415771,-0.32969900965690613,0.022438790649175644,0.022438790649175644
-0.14639577269554138,0.40814635157585144,-0.2848626971244812,0.43908900022506714,-0.04195255786180496,-0.3242036998271942,-3.838539123535156e-05,-3.838539123535156e-05
0.4006822109222412,-0.14205804467201233,-0.2590875029563904,0.4859420657157898,-0.0046470267698168755,-0.3910421133041382,-0.06775657832622528,-0.06775657832622528
0.4031217396259308,-0.1620257943868637,-0.2403135746717453,-0.5142090916633606,-0.29509079456329346,0.6453120708465576,0.0256077591329813,0.0256077591329813
-0.20458412170410156,0.4097495675086975,-0.2269667536020279,-0.20659945905208588,0.400215208530426,-0.14107806980609894,0.05580464377999306,0.05580464377999306
-0.19890877604484558,0.4357008934020996,-0.26042747497558594,-0.07507143169641495,0.6029868125915527,-0.40437406301498413,0.04187825694680214,0.04187825694680214
-0.24366503953933716,0.46636462211608887,-0.24725013971328735,-0.5098005533218384,-0.39008691906929016,0.7150426506996155,0.0655377209186554,0.0655377209186554
-0.0983906015753746,-0.1372765600681305,0.24703195691108704,-0.4513673782348633,-0.36547142267227173,0.6485931873321533,-0.03779584914445877,-0.03779584914445877
-0.2960132956504822,-0.18951746821403503,0.5051171779632568,-0.46583905816078186,-0.4466404914855957,0.7229856252670288,0.01958608441054821,0.01958608441054821
-0.2794736325740814,0.4854855537414551,-0.23094096779823303,-0.49882441759109497,-0.3382453918457031,0.6661217212677002,0.0701880156993866,0.0701880156993866
-0.32038119435310364,0.47017502784729004,-0.17272718250751495,-0.3259194493293762,-0.37759101390838623,0.5560713410377502,0.036853205412626266,0.036853205412626266
0.3612246513366699,-0.23304502665996552,-0.12173676490783691,-0.514153778553009,-0.3623300790786743,0.6971572041511536,0.03135058283805847,0.03135058283805847
0.3871847689151764,-0.18314924836158752,-0.20148500800132751,-0.5217557549476624,-0.3556182384490967,0.6981509923934937,0.031676895916461945,0.031676895916461945
-0.2682991027832031,0.3788452744483948,-0.12877783179283142,-0.41807228326797485,-0.43225622177124023,0.6730940341949463,0.07935614883899689,0.07935614883899689
0.5353999137878418,-0.21824800968170166,-0.31591320037841797,-0.20217885076999664,0.5682867169380188,-0.2743726968765259,-0.055675607174634933,-0.055675607174634933
-0.25412634015083313,0.49127793312072754,-0.2630758285522461,0.5891978740692139,-0.09094717353582382,-0.40829524397850037,0.006987364962697029,0.006987364962697029
-0.21741124987602234,-0.14959798753261566,0.38207465410232544,-0.46502724289894104,-0.4874480664730072,0.7538184523582458,-0.00832496490329504,-0.00832496490329504
0.43970611691474915,-0.19512835144996643,-0.24252212047576904,0.45287129282951355,-0.019741617143154144,-0.3525368571281433,-0.026797611266374588,-0.026797611266374588
-0.16320016980171204,0.3814605176448822,-0.23921968042850494,-0.031850747764110565,0.5623511672019958,-0.40811365842819214,0.030068570747971535,0.030068570747971535
-0.24965965747833252,0.32876408100128174,-0.09451659023761749,-0.4675080180168152,-0.4319726526737213,0.7130215167999268,0.060267120599746704,0.060267120599746704
-0.3326219320297241,0.47672855854034424,-0.16717055439949036,0.6046643257141113,-0.21157950162887573,-0.3277606964111328,-0.02068784274160862,-0.02068784274160862
0.40254881978034973,-0.15542307496070862,-0.24676093459129333,-0.4696187973022461,-0.2741212844848633,0.5929180383682251,0.04057221859693527,0.04057221859693527
-0.12907814979553223,0.3858531713485718,-0.2788514494895935,-0.4657791256904602,-0.38132724165916443,0.6725332140922546,0.032081425189971924,0.032081425189971924
0.5233652591705322,-0.2895374298095703,-0.2276373654603958,-0.19987531006336212,0.7204917669296265,-0.3937034606933594,0.021822867915034294,0.021822867915034294
0.5162097215652466,-0.19718368351459503,-0.31869715452194214,-0.12399601936340332,0.49084746837615967,-0.27810245752334595,-0.034832604229450226,-0.034832604229450226
0.4335450828075409,-0.22107988595962524,-0.2085636705160141,0.5850514769554138,-0.05264123156666756,-0.43448954820632935,-0.029854193329811096,-0.029854193329811096
-0.06153029948472977,-0.25354719161987305,0.3331441283226013,-0.10930733382701874,0.6162644028663635,-0.38681817054748535,-0.08773482590913773,-0.08773482590913773
0.3808642029762268,-0.20712018013000488,-0.16947321593761444,0.652497410774231,-0.08741649985313416,-0.46242475509643555,-0.03510483726859093,-0.03510483726859093
-0.14182934165000916,-0.27517396211624146,0.4384367763996124,0.5543637871742249,-0.1473296731710434,-0.33649522066116333,-0.04620422050356865,-0.04620422050356865
-0.35954615473747253,0.5133064985275269,-0.178559809923172,0.629334568977356,-0.13404810428619385,-0.40762782096862793,-0.005457209423184395,-0.005457209423184395
-0.24709676206111908,-0.1923263669013977,0.45800304412841797,0.7069747447967529,-0.15161651372909546,-0.4571206569671631,-0.03477325290441513,-0.03477325290441513
-0.2049756646156311,0.5095514059066772,-0.3328898549079895,-0.07729892432689667,0.6013659834861755,-0.40131431818008423,0.012251254171133041,0.012251254171133041
-0.17050033807754517,-0.17262248694896698,0.3585517108440399,0.5983613729476929,-0.1165742576122284,-0.3959597945213318,-0.03908739238977432,-0.03908739238977432
0.49009644985198975,-0.313301146030426,-0.16824255883693695,-0.11533600091934204,0.6037887334823608,-0.372294545173645,-0.021284880116581917,-0.021284880116581917
-0.13600459694862366,-0.16161122918128967,0.3114859461784363,0.5351918935775757,-0.14163309335708618,-0.32532209157943726,-0.0662919282913208,-0.0662919282913208
0.4082702398300171,-0.14852362871170044,-0.25997182726860046,-0.4764205515384674,-0.3130120038986206,0.6284545660018921,0.03655495122075081,0.03655495122075081
0.3457026183605194,-0.1983511745929718,-0.14279839396476746,0.5710601210594177,-0.039279378950595856,-0.4334389865398407,-0.01338779553771019,-0.01338779553771019
0.5050275325775146,-0.3122009038925171,-0.18470904231071472,-0.14767371118068695,0.5971870422363281,-0.3409387469291687,-0.047629646956920624,-0.047629646956920624
-0.24115347862243652,0.42391443252563477,-0.20459845662117004,0.535946249961853,-0.1355062872171402,-0.3306628167629242,-0.0005613877438008785,-0.0005613877438008785
-0.22231224179267883,-0.1824604868888855,0.42210501432418823,-0.5149539709091187,-0.48588961362838745,0.7931607961654663,0.017633121460676193,0.017633121460676193
-0.3083338141441345,-0.2151210606098175,0.5450142025947571,0.6887020468711853,-0.16734540462493896,-0.43014323711395264,-0.04111914336681366,-0.04111914336681366
0.3151457905769348,-0.24227222800254822,-0.06470679491758347,-0.4184475243091583,-0.32274651527404785,0.5888876914978027,0.018560849130153656,0.018560849130153656
-0.15847265720367432,-0.16994471848011017,0.3433787226676941,-0.4565626084804535,-0.4426247179508209,0.7123532295227051,-0.010014754720032215,-0.010014754720032215
-0.142827108502388,0.39817649126052856,-0.2778967022895813,-0.017749924212694168,0.4349513053894043,-0.321247398853302,0.027381494641304016,0.027381494641304016
-0.20412395894527435,-0.15014952421188354,0.3690517544746399,-0.31388142704963684,-0.416970431804657,0.5766854286193848,0.026741212233901024,0.026741212233901024
-0.16584071516990662,0.45813125371932983,-0.318196177482605,-0.15005922317504883,0.3367868959903717,-0.13804468512535095,0.06577873975038528,0.06577873975038528
-0.12547889351844788,-0.26677432656288147,0.41273999214172363,-0.11831961572170258,0.5793420076370239,-0.35100555419921875,-0.010707428678870201,-0.010707428678870201
-0.22975264489650726,-0.2201254963874817,0.46985283493995667,0.7186723947525024,-0.17974865436553955,-0.444909930229187,-0.08311906456947327,-0.08311906456947327
-0.22988197207450867,-0.19070596992969513,0.4386431872844696,0.6111677289009094,-0.17070506513118744,-0.3645857274532318,-0.03195255249738693,-0.03195255249738693
-0.2665940523147583,-0.15768343210220337,0.4410676658153534,0.634281575679779,-0.1715424656867981,-0.3827100098133087,-0.08187654614448547,-0.08187654614448547
0.38977786898612976,-0.16119544208049774,-0.22752970457077026,-0.4942091107368469,-0.3033575415611267,0.6354498267173767,0.046415410935878754,0.046415410935878754
-0.25429704785346985,-0.22499710321426392,0.5001843571662903,-0.31111592054367065,-0.4681614637374878,0.6139448881149292,0.02298903279006481,0.02298903279006481
-0.17513185739517212,0.4043009877204895,-0.2513308823108673,-0.0032311594113707542,0.5580770373344421,-0.42805689573287964,0.017628775909543037,0.017628775909543037
0.37245607376098633,-0.21993249654769897,-0.1472109854221344,0.5561765432357788,-0.038494665175676346,-0.4219578504562378,-0.0422547310590744,-0.0422547310590744
-0.24653476476669312,-0.20685553550720215,0.47290605306625366,0.6749148964881897,-0.19136548042297363,-0.400409996509552,-0.056217316538095474,-0.056217316538095474
-0.32390254735946655,0.42963966727256775,-0.12593570351600647,-0.42755478620529175,-0.4501134157180786,0.6945755481719971,0.07919289916753769,0.07919289916753769
0.2817707657814026,-0.22330982983112335,-0.05072151497006416,-0.38916510343551636,-0.3836590051651001,0.6121152639389038,0.016569072380661964,0.016569072380661964
0.5186609029769897,-0.2698267698287964,-0.24381738901138306,0.46566006541252136,-0.020992230623960495,-0.361957311630249,-0.020302049815654755,-0.020302049815654755
-0.25296348333358765,0.3864269554615021,-0.15256372094154358,-0.4873192310333252,-0.3991079330444336,0.7037475109100342,0.04139824956655502,0.04139824956655502
-0.3206009864807129,0.4419538080692291,-0.14243653416633606,0.6139706373214722,-0.12061400711536407,-0.4055183231830597,0.0328059196472168,0.0328059196472168
-0.3480852246284485,0.5048846006393433,-0.18132716417312622,0.6658437252044678,-0.16242381930351257,-0.41537824273109436,0.032946765422821045,0.032946765422821045
-0.2892933487892151,0.42361336946487427,-0.15496671199798584,-0.489322692155838,-0.45641982555389404,0.7496033906936646,0.06273430585861206,0.06273430585861206
0.528936505317688,-0.2965576946735382,-0.22586506605148315,-0.11995808035135269,0.6465718746185303,-0.40155768394470215,-0.0006516547873616219,-0.0006516547873616219
-0.1793212592601776,-0.18879126012325287,0.38481277227401733,-0.5033541917800903,-0.48794353008270264,0.7853256464004517,0.036151546984910965,0.036151546984910965
-0.20173461735248566,-0.09213535487651825,0.3047986626625061,0.36063307523727417,-0.1316828727722168,-0.19124355912208557,-0.0485510528087616,-0.0485510528087616
-0.05305767059326172,0.384668231010437,-0.3554588556289673,-0.0843999832868576,0.6844244003295898,-0.45964568853378296,0.017782144248485565,0.017782144248485565
-0.1554792821407318,0.4387337267398834,-0.3081444501876831,-0.11890512704849243,0.4352129101753235,-0.23930220305919647,0.07945770025253296,0.07945770025253296
0.4186662435531616,-0.18441477417945862,-0.2323841154575348,-0.19954124093055725,0.6991623044013977,-0.3775143027305603,0.0018968097865581512,0.0018968097865581512
-0.2999736964702606,0.5364232063293457,-0.2642088234424591,0.5791736245155334,-0.08204079419374466,-0.40702787041664124,0.010327387601137161,0.010327387601137161
-0.13965897262096405,0.3383640646934509,-0.2174205482006073,-0.42435044050216675,-0.27452749013900757,0.5564696788787842,0.0676821768283844,0.0676821768283844
0.32875221967697144,-0.2661726176738739,-0.05318189412355423,0.5668149590492249,-0.09184101223945618,-0.3894284963607788,-0.012277033179998398,-0.012277033179998398
-0.30146151781082153,-0.2615804076194763,0.587470293045044,-0.30570781230926514,-0.4566906690597534,0.6007007360458374,0.02755228988826275,0.02755228988826275
-0.1852906346321106,0.5277842879295349,-0.3724781572818756,-0.13929514586925507,0.5503467321395874,-0.3115951120853424,0.041484393179416656,0.041484393179416656
-0.22566506266593933,0.3990742564201355,-0.19400006532669067,-0.040954671800136566,0.5392507910728455,-0.3828933835029602,0.04628369212150574,0.04628369212150574
-0.2514895796775818,0.4602138102054596,-0.23268255591392517,0.5408958196640015,-0.12689489126205444,-0.3413280248641968,-0.03085331618785858,-0.03085331618785858
-0.10264097899198532,-0.2860009968280792,0.40982967615127563,-0.09430524706840515,0.601655125617981,-0.3877268433570862,-0.019937438890337944,-0.019937438890337944
0.5503841042518616,-0.29360222816467285,-0.2509830594062805,-0.15649005770683289,0.7568831443786621,-0.45702022314071655,-0.01748867705464363,-0.01748867705464363
-0.14353704452514648,0.32916492223739624,-0.20364785194396973,0.3860637843608856,-0.12245981395244598,-0.21901316940784454,0.009998132474720478,0.009998132474720478
-0.2552376985549927,-0.1966453492641449,0.4709433317184448,-0.44642239809036255,-0.44809210300445557,0.7083377838134766,0.024322278797626495,0.024322278797626495
0.34470486640930176,-0.21947833895683289,-0.11926844716072083,-0.4430510699748993,-0.39955028891563416,0.6681391596794128,0.009687160141766071,0.009687160141766071
-0.15616199374198914,0.440507173538208,-0.30933457612991333,-0.13521206378936768,0.6589582562446594,-0.39872896671295166,0.04984123259782791,0.04984123259782791
0.1821514070034027,-0.07375741004943848,-0.10800479352474213,0.05452948063611984,0.04382612183690071,-0.0781044065952301,0.03348632901906967,0.03348632901906967
-0.24601328372955322,-0.23835185170173645,0.5059266686439514,-0.320340096950531,-0.44181621074676514,0.6011044979095459,0.04233461990952492,0.04233461990952492
0.493896484375,-0.17759969830513,-0.3167048990726471,0.5513883829116821,-0.0028901733458042145,-0.44554612040519714,-0.023207582533359528,-0.023207582533359528
-0.2823650538921356,0.4420180916786194,-0.18167108297348022,-0.46594226360321045,-0.4181041717529297,0.7010473012924194,0.04804582521319389,0.04804582521319389
-0.22312380373477936,-0.24569424986839294,0.4903026223182678,-0.4053419828414917,-0.4803782105445862,0.6998928189277649,0.02219873107969761,0.02219873107969761
0.3973369002342224,-0.23329268395900726,-0.15846368670463562,-0.5512392520904541,-0.3686671555042267,0.7321644425392151,0.029350828379392624,0.029350828379392624
-0.15097534656524658,-0.2899188995361328,0.4635138213634491,-0.40376099944114685,-0.44213271141052246,0.6690939664840698,-0.0020123478025197983,-0.0020123478025197983
-0.32044434547424316,0.3949704170227051,-0.0925431102514267,0.5488486886024475,-0.1651298999786377,-0.31827956438064575,0.04186079651117325,0.04186079651117325
0.4128049612045288,-0.2262062132358551,-0.18185758590698242,-0.4155092239379883,-0.2981473207473755,0.5675177574157715,0.029821092262864113,0.029821092262864113
0.5464925169944763,-0.1665385365486145,-0.38236451148986816,-0.11430325359106064,0.579245388507843,-0.3541925847530365,-0.07513543963432312,-0.07513543963432312
-0.24910739064216614,-0.09173136204481125,0.3528934717178345,0.6311822533607483,-0.1347046196460724,-0.4086216688156128,-0.022390805184841156,-0.022390805184841156
0.44760215282440186,-0.23277190327644348,-0.21050649881362915,-0.5271540880203247,-0.33735406398773193,0.6884400844573975,0.047280993312597275,0.047280993312597275
-0.1434328854084015,-0.1922178417444229,0.35170185565948486,-0.4147591292858124,-0.4317210614681244,0.6699905395507812,0.012478296644985676,0.012478296644985676
-0.09489598125219345,-0.32113006711006165,0.4393211007118225,0.5579097270965576,-0.17596706748008728,-0.31727468967437744,-0.07793265581130981,-0.07793265581130981
0.3395416736602783,-0.2459261119365692,-0.08580350875854492,0.5937443971633911,-0.021427882835268974,-0.4656370282173157,-0.016535403206944466,-0.016535403206944466
-0.1425803303718567,0.4666438102722168,-0.3510913550853729,-0.10237763822078705,0.5508303046226501,-0.34194862842559814,0.004037648439407349,0.004037648439407349
-0.2812729477882385,0.38788002729415894,-0.1251136064529419,-0.44426673650741577,-0.46422889828681946,0.7190403342247009,0.049197643995285034,0.049197643995285034
-0.3025585412979126,-0.22464053332805634,0.5492399334907532,0.5842477679252625,-0.18506278097629547,-0.3316441774368286,-0.08549889922142029,-0.08549889922142029
0.17523859441280365,-0.1050061583518982,-0.06763291358947754,0.06789831817150116,0.0738886296749115,-0.11216104030609131,0.007681611925363541,0.007681611925363541
-0.27176356315612793,0.2707592248916626,-0.010079486295580864,0.5994201898574829,-0.06557013094425201,-0.4361806809902191,-0.020071614533662796,-0.020071614533662796
-0.26927095651626587,-0.24802987277507782,0.5400605201721191,0.5573641061782837,-0.16681250929832458,-0.3238963484764099,-0.0424986258149147,-0.0424986258149147
-0.22489657998085022,0.46179282665252686,-0.26160454750061035,-0.15490974485874176,0.5595461130142212,-0.3060140013694763,0.08991733193397522,0.08991733193397522
-0.010504031553864479,-0.28012681007385254,0.3091932535171509,-0.15650926530361176,0.688617467880249,-0.4043225049972534,-0.07943987846374512,-0.07943987846374512
-0.2961200475692749,0.42806902527809143,-0.1527208387851715,0.6785235404968262,-0.09336695075035095,-0.47896820306777954,0.022013865411281586,0.022013865411281586
-0.22280415892601013,0.45845288038253784,-0.26018965244293213,-0.08250278979539871,0.5620281100273132,-0.36673036217689514,0.06284934282302856,0.06284934282302856
0.010489240288734436,-0.3408294916152954,0.3523591160774231,-0.13334712386131287,0.5730615854263306,-0.3339550495147705,-0.04390193521976471,-0.04390193521976471
-0.1898430436849594,0.5188989639282227,-0.3583490252494812,-0.10132113099098206,0.46702295541763306,-0.27813053131103516,0.01842867024242878,0.01842867024242878
0.4178198575973511,-0.2771816849708557,-0.13268765807151794,0.5601155757904053,-0.08485874533653259,-0.38937637209892273,0.011221564374864101,0.011221564374864101
-0.1098724901676178,-0.11316433548927307,0.23310521245002747,-0.4506685733795166,-0.4229711592197418,0.6923996210098267,0.014196252450346947,0.014196252450346947
-0.339791476726532,0.4097917377948761,-0.08851529657840729,0.6484944820404053,-0.08613605797290802,-0.4601621627807617,0.039781004190444946,0.039781004190444946
-0.2835102081298828,0.4282422661781311,-0.16582195460796356,0.6642393469810486,-0.15648186206817627,-0.418660968542099,0.006815286353230476,0.006815286353230476
-0.32804977893829346,0.48784139752388,-0.18369297683238983,0.5959103107452393,-0.16857783496379852,-0.35383689403533936,0.020887460559606552,0.020887460559606552
0.3881106376647949,-0.24167509377002716,-0.14008277654647827,-0.47808754444122314,-0.35669392347335815,0.6635186672210693,-0.0016900952905416489,-0.0016900952905416489
-0.04825954884290695,-0.2666662931442261,0.3335270881652832,-0.10667663812637329,0.610872745513916,-0.38479360938072205,-0.0371100939810276,-0.0371100939810276
0.40854939818382263,-0.16886639595031738,-0.23858562111854553,-0.43294191360473633,-0.3216485381126404,0.5998110175132751,0.03328680992126465,0.03328680992126465
-0.2654789388179779,-0.1573871672153473,0.4396098256111145,0.6066490411758423,-0.24854499101638794,-0.30084526538848877,-0.02552533894777298,-0.02552533894777298
-0.10857837647199631,-0.1656743884086609,0.28772127628326416,0.4760740101337433,-0.13840189576148987,-0.27980664372444153,-0.048972953110933304,-0.048972953110933304
-0.35125213861465454,0.46430689096450806,-0.13485366106033325,0.5151636600494385,-0.16420239210128784,-0.291640043258667,0.04682280868291855,0.04682280868291855
-0.2746316194534302,-0.2254922091960907,0.5215411186218262,-0.42694953083992004,-0.4755404591560364,0.7137066125869751,0.008707000873982906,0.008707000873982906
-0.27267053723335266,-0.1846403330564499,0.47601062059402466,0.6145926117897034,-0.10675318539142609,-0.4167202115058899,-0.05570245906710625,-0.05570245906710625
0.4264548122882843,-0.2336573302745819,-0.18790140748023987,-0.5192839503288269,-0.32120782136917114,0.6695883274078369,0.01398545317351818,0.01398545317351818
-0.1366477757692337,0.3457069396972656,-0.22832778096199036,-0.4380083382129669,-0.3895321488380432,0.6563128232955933,0.04913165792822838,0.04913165792822838
-0.1558196246623993,-0.22624649107456207,0.4006423354148865,0.5830955505371094,-0.20527705550193787,-0.31510862708091736,-0.062410347163677216,-0.062410347163677216
-0.27220794558525085,-0.18041396141052246,0.4710342288017273,-0.44688066840171814,-0.46101146936416626,0.7186801433563232,0.03484240546822548,0.03484240546822548
-0.012212507426738739,-0.24670252203941345,0.2753346264362335,-0.08121663331985474,0.6293379068374634,-0.4197194278240204,-0.0931539386510849,-0.0931539386510849
-0.2625088095664978,-0.09563412517309189,0.37077873945236206,0.6083567142486572,-0.12958350777626038,-0.3940373659133911,-0.004201766103506088,-0.004201766103506088
0.32556653022766113,-0.2561947703361511,-0.060548532754182816,-0.41658344864845276,-0.3247057795524597,0.5888858437538147,0.04383198916912079,0.04383198916912079
0.6023756265640259,-0.2614981532096863,-0.3384414613246918,-0.18061643838882446,0.5864984393119812,-0.30593767762184143,-0.031923938542604446,-0.031923938542604446
-0.1483970582485199,0.37911170721054077,-0.2518804967403412,-0.4574870467185974,-0.35883182287216187,0.6484391093254089,0.04142022505402565,0.04142022505402565
-0.1126602292060852,0.4697299003601074,-0.38502711057662964,-0.1430521160364151,0.6822468638420105,-0.4103345274925232,-0.01066061481833458,-0.01066061481833458
-0.18046405911445618,0.528937041759491,-0.3786503076553345,-0.11973872035741806,0.5394653081893921,-0.31907930970191956,-0.007790265139192343,-0.007790265139192343
-0.156518816947937,-0.17739486694335938,0.34931427240371704,0.6699583530426025,-0.15243519842624664,-0.42642828822135925,-0.10268659144639969,-0.10268659144639969
-0.29673299193382263,0.47516849637031555,-0.2022704780101776,-0.4791797995567322,-0.4100210666656494,0.705559492111206,0.06494268029928207,0.06494268029928207
0.5530205368995667,-0.22189092636108398,-0.3300814926624298,-0.16678118705749512,0.5533446669578552,-0.29158759117126465,-0.04910847172141075,-0.04910847172141075
-0.25764602422714233,0.22496721148490906,0.024244245141744614,0.292259156703949,-0.15608125925064087,-0.11688898503780365,-0.004725677892565727,-0.004725677892565727
0.5169745683670044,-0.31613975763320923,-0.19275037944316864,0.4809408187866211,-0.08581740409135818,-0.3243395984172821,-0.005739687010645866,-0.005739687010645866
0.40169185400009155,-0.28269270062446594,-0.11029617488384247,0.6783002018928528,-0.09821593016386032,-0.47504478693008423,-0.026463359594345093,-0.026463359594345093
-0.12079876661300659,-0.2713671028614044,0.4128389358520508,-0.10062951594591141,0.596433162689209,-0.37856101989746094,0.0041309017688035965,0.0041309017688035965
-0.2863222360610962,0.3891582489013672,-0.12130327522754669,-0.42813920974731445,-0.4737432897090912,0.7132859230041504,0.056731030344963074,0.056731030344963074
0.30309420824050903,-0.26214542984962463,-0.03119008243083954,0.5361549854278564,-0.11328162252902985,-0.3479836881160736,-0.013378415256738663,-0.013378415256738663
-0.12221072614192963,0.3796624541282654,-0.27929070591926575,0.47269418835639954,-0.06555108726024628,-0.33328258991241455,-0.02789226733148098,-0.02789226733148098
-0.31910210847854614,0.49125975370407104,-0.19650006294250488,0.6367815732955933,-0.08278076350688934,-0.4532395601272583,0.05221529304981232,0.05221529304981232
-0.11047907173633575,-0.26761293411254883,0.3982687294483185,-0.17885133624076843,0.5861772298812866,-0.30712318420410156,-0.03140988573431969,-0.03140988573431969
-0.17875322699546814,-0.22631075978279114,0.4242023229598999,-0.45776793360710144,-0.4813140332698822,0.7431895136833191,0.006706629879772663,0.006706629879772663
-0.19118651747703552,-0.12900686264038086,0.3332751393318176,0.054048098623752594,0.14470309019088745,-0.1555626094341278,-0.038713328540325165,-0.038713328540325165
0.42509394884109497,-0.16310536861419678,-0.26167020201683044,0.41710036993026733,-0.06154842674732208,-0.2912244200706482,-0.01617293246090412,-0.01617293246090412
0.3751949071884155,-0.19610735774040222,-0.1753985583782196,0.5947544574737549,-0.03175485134124756,-0.45848768949508667,-0.015678770840168,-0.015678770840168
-0.26343441009521484,0.4081401526927948,-0.1649703085422516,0.6731308102607727,-0.14165614545345306,-0.4373229444026947,-0.0021007731556892395,-0.0021007731556892395
-0.31955379247665405,-0.15045969188213348,0.48761987686157227,0.6022335290908813,-0.1931285858154297,-0.3400256335735321,-0.03752732276916504,-0.03752732276916504
-0.14817172288894653,-0.1708247810602188,0.3337647616863251,0.5081626176834106,-0.15318837761878967,-0.2944543957710266,-0.04639311134815216,-0.04639311134815216
0.363738089799881,-0.19278091192245483,-0.16720685362815857,-0.47568920254707336,-0.41786789894104004,0.7087803483009338,0.003094285726547241,0.003094285726547241
-0.2440805584192276,0.45011162757873535,-0.22950932383537292,-0.535110592842102,-0.41414719820022583,0.754164457321167,0.06239454820752144,0.06239454820752144
-0.10583485662937164,0.33538681268692017,-0.24889573454856873,-0.051105670630931854,0.3263005316257477,-0.21031124889850616,0.005852079018950462,0.005852079018950462
0.33464255928993225,-0.31136655807495117,-0.011068091727793217,0.481558620929718,-0.0761743038892746,-0.3322831392288208,-0.0460532046854496,-0.0460532046854496
-0.30626583099365234,0.39564019441604614,-0.10778000950813293,-0.37637677788734436,-0.4151341915130615,0.6260201930999756,0.07932683080434799,0.07932683080434799
-0.12305236607789993,-0.21261468529701233,0.35255536437034607,-0.49677711725234985,-0.5022886395454407,0.7910550832748413,0.013099179603159428,0.013099179603159428
-0.27615001797676086,0.4341168999671936,-0.17961981892585754,0.5454940795898438,-0.165184885263443,-0.31551289558410645,-0.04761891067028046,-0.04761891067028046
0.3329056203365326,-0.2709540128707886,-0.05234251543879509,0.4502400755882263,0.0072186412289738655,-0.3712059259414673,-0.058695271611213684,-0.058695271611213684
-0.03307250887155533,-0.24874140322208405,0.2988743185997009,-0.06719833612442017,0.60025554895401,-0.4086599349975586,-0.00590677373111248,-0.00590677373111248
-0.3218998610973358,0.45841413736343384,-0.15864203870296478,-0.45785772800445557,-0.4556003212928772,0.7234185934066772,0.08007238060235977,0.08007238060235977
-0.12292643636465073,-0.2245389074087143,0.36512985825538635,-0.0741126537322998,0.51399827003479,-0.33647820353507996,0.007222365587949753,0.007222365587949753
-0.05299659073352814,-0.2665368318557739,0.33824145793914795,-0.17222779989242554,0.6771153211593628,-0.38268113136291504,-0.03694777563214302,-0.03694777563214302
0.4826198220252991,-0.2603759169578552,-0.21696814894676208,0.4782154858112335,-0.04770052433013916,-0.3515421152114868,-0.1238715872168541,-0.1238715872168541
-0.16300320625305176,-0.17867106199264526,0.35731610655784607,-0.4498075842857361,-0.47308415174484253,0.7303737998008728,0.010731318034231663,0.010731318034231663
-0.2711203098297119,0.3210020065307617,-0.06426461786031723,0.5872669219970703,-0.12767085433006287,-0.37838661670684814,0.008203763514757156,0.008203763514757156
-0.2314516305923462,0.48464709520339966,-0.2792379856109619,-0.12878654897212982,0.5079780220985413,-0.28743213415145874,0.04194960370659828,0.04194960370659828
-0.324739933013916,0.4132117033004761,-0.1075763925909996,-0.4003714919090271,-0.44276633858680725,0.6668303608894348,0.049255792051553726,0.049255792051553726
0.5455493927001953,-0.21000885963439941,-0.33508720993995667,-0.1796170175075531,0.5734307765960693,-0.2966647148132324,-0.05036037787795067,-0.05036037787795067
-0.3923949897289276,0.5350568294525146,-0.1680835634469986,0.6705077886581421,-0.19395816326141357,-0.3948301076889038,0.023698316887021065,0.023698316887021065
-0.3395494818687439,0.5276671648025513,-0.21434201300144196,-0.3722073435783386,-0.4109495282173157,0.6194047927856445,0.04465354233980179,0.04465354233980179
-0.2834520936012268,0.4166133999824524,-0.15349259972572327,-0.3696237802505493,-0.4512397050857544,0.6483995914459229,0.05871765315532684,0.05871765315532684
0.3973245322704315,-0.1551257073879242,-0.2417263686656952,-0.511034369468689,-0.32716020941734314,0.6674825549125671,0.025767948478460312,0.025767948478460312
-0.16409480571746826,0.47996723651885986,-0.343247652053833,-0.14853709936141968,0.44392693042755127,-0.2219632863998413,0.012668706476688385,0.012668706476688385
-0.27122241258621216,-0.14696139097213745,0.43438589572906494,0.6413344144821167,-0.14583788812160492,-0.4082743227481842,-0.02120875008404255,-0.02120875008404255
-0.22751513123512268,0.43372172117233276,-0.22901681065559387,0.5926904678344727,-0.041483428329229355,-0.44930386543273926,-0.026628609746694565,-0.026628609746694565
-0.15395238995552063,0.393995463848114,-0.26204657554626465,-0.16215822100639343,0.40978386998176575,-0.18455271422863007,-0.009523829445242882,-0.009523829445242882
-0.09661342203617096,-0.21966679394245148,0.33298611640930176,-0.13348425924777985,0.5789469480514526,-0.33838558197021484,-0.08236388117074966,-0.08236388117074966
-0.22922581434249878,-0.22730752825737,0.47696465253829956,-0.44894546270370483,-0.5172044634819031,0.7637223601341248,0.019131164997816086,0.019131164997816086
-0.1910911202430725,0.4451296329498291,-0.27848020195961,-0.06573496013879776,0.409687876701355,-0.26278287172317505,0.06282754987478256,0.06282754987478256
-0.2827194631099701,-0.11935772001743317,0.4167550206184387,0.6140035390853882,-0.19508713483810425,-0.34807246923446655,-0.013132662512362003,-0.013132662512362003
-0.17735981941223145,0.4674793481826782,-0.3163559138774872,-0.10332156717777252,0.38187742233276367,-0.2107972353696823,0.04344870522618294,0.04344870522618294
-0.2654838263988495,0.31367045640945435,-0.06222756952047348,0.6251124143600464,-0.11552577465772629,-0.41849321126937866,-0.034989405423402786,-0.034989405423402786
-0.2224864363670349,-0.1885385513305664,0.4287586808204651,0.6032345294952393,-0.14292743802070618,-0.37957990169525146,-0.05277091637253761,-0.05277091637253761
-0.18220019340515137,0.39975786209106445,-0.2392505407333374,-0.03699705749750137,0.6008617877960205,-0.43365392088890076,0.03195562586188316,0.03195562586188316
-0.27324962615966797,-0.1454736441373825,0.4348774552345276,0.49489837884902954,-0.17987367510795593,-0.26308900117874146,-0.03857751190662384,-0.03857751190662384
0.588265597820282,-0.2855500876903534,-0.29836446046829224,-0.21892572939395905,0.7450909614562988,-0.3972166180610657,-0.050541337579488754,-0.050541337579488754
-0.10168279707431793,-0.1373920440673828,0.2505272626876831,-0.19959138333797455,0.516028881072998,-0.23614537715911865,-0.05609891563653946,-0.05609891563653946
-0.271963894367218,-0.2003198266029358,0.49199098348617554,-0.33779406547546387,-0.4309650957584381,0.6069046258926392,0.019039710983633995,0.019039710983633995
0.005999689921736717,-0.3141055703163147,0.32848745584487915,-0.11612129956483841,0.5750836133956909,-0.34950441122055054,-0.045315273106098175,-0.045315273106098175
-0.3462110459804535,0.4467930495738983,-0.12135893851518631,-0.32738763093948364,-0.4431914985179901,0.6078890562057495,0.051705654710531235,0.051705654710531235
-0.1902742236852646,0.4491117298603058,-0.2835594415664673,0.6027234792709351,-0.0748378187417984,-0.43171119689941406,-0.028812065720558167,-0.028812065720558167
-0.22206959128379822,0.4684264361858368,-0.27156752347946167,-0.4816072881221771,-0.38468676805496216,0.6879796981811523,0.021912401542067528,0.021912401542067528
-0.24296161532402039,-0.26378077268600464,0.5298914909362793,-0.351546049118042,-0.43587175011634827,0.6218589544296265,0.0017689839005470276,0.0017689839005470276
-0.15754859149456024,0.43723443150520325,-0.3044275939464569,-0.08081242442131042,0.6572476625442505,-0.4415861666202545,0.05683591216802597,0.05683591216802597
0.40195149183273315,-0.19873793423175812,-0.20000356435775757,0.4264795184135437,-0.028612149879336357,-0.32425880432128906,-0.036228276789188385,-0.036228276789188385
-0.07478204369544983,-0.3215760886669159,0.4191930592060089,-0.1465354710817337,0.5617965459823608,-0.3145514726638794,-0.011684360913932323,-0.011684360913932323
-0.04420869052410126,-0.174746572971344,0.23145073652267456,-0.09664203226566315,0.4197225272655487,-0.24542763829231262,-0.07438908517360687,-0.07438908517360687
-0.2205432802438736,0.4972422122955322,-0.3038299083709717,-0.18019691109657288,0.5438783764839172,-0.27338743209838867,0.05375693738460541,0.05375693738460541
0.5440335273742676,-0.29455921053886414,-0.24345850944519043,-0.13905899226665497,0.694329023361206,-0.42290133237838745,-0.029415657743811607,-0.029415657743811607
0.38670963048934937,-0.17805254459381104,-0.20642805099487305,-0.5028361082077026,-0.3110576272010803,0.6483981609344482,0.03832179307937622,0.03832179307937622
0.5212392807006836,-0.31418782472610474,-0.19919833540916443,-0.1762944906949997,0.6749299764633179,-0.3776921331882477,-0.027173221111297607,-0.027173221111297607
-0.23245292901992798,0.406938761472702,-0.1954255998134613,0.6414284706115723,-0.09228740632534027,-0.44967687129974365,-0.007289729081094265,-0.007289729081094265
0.3776387572288513,-0.18630275130271912,-0.1883472055196762,-0.5203641653060913,-0.35039210319519043,0.6929877996444702,0.016930997371673584,0.016930997371673584
-0.29559609293937683,0.4434928894042969,-0.1696893721818924,0.6537480354309082,-0.19739529490470886,-0.3785672187805176,0.013630539178848267,0.013630539178848267
0.5650650262832642,-0.24401363730430603,-0.3188505172729492,-0.1689164787530899,0.5394877195358276,-0.2791598439216614,-0.04706982150673866,-0.04706982150673866
-0.25147613883018494,-0.15518026053905487,0.4229152798652649,0.6933303475379944,-0.21687088906764984,-0.39568179845809937,-0.014372771605849266,-0.014372771605849266
-0.23440970480442047,0.4588206112384796,-0.24869361519813538,0.58855140209198,-0.133742094039917,-0.3747444152832031,0.02253841981291771,0.02253841981291771
0.5534891486167908,-0.3168479800224304,-0.2293987274169922,-0.12704342603683472,0.7035341858863831,-0.4397628903388977,0.0018030684441328049,0.0018030684441328049
0.5048130750656128,-0.21286149322986603,-0.2903207540512085,-0.07464449107646942,0.5503034591674805,-0.3640638291835785,0.019948722794651985,0.019948722794651985
0.4625002145767212,-0.16248731315135956,-0.30064496397972107,0.4132786989212036,0.042000606656074524,-0.3680320382118225,-0.06673208624124527,-0.06673208624124527
-0.2882691025733948,0.462793231010437,-0.19775623083114624,-0.47121661901474,-0.4456409513950348,0.7265812754631042,0.05221470072865486,0.05221470072865486
0.47439175844192505,-0.18566742539405823,-0.2881307303905487,0.5469999313354492,-0.016078010201454163,-0.4318050146102905,-0.03791383281350136,-0.03791383281350136
0.571220874786377,-0.2508971691131592,-0.3178226947784424,-0.17055970430374146,0.7386506199836731,-0.43152400851249695,-0.01633128523826599,-0.01633128523826599
-0.19324448704719543,0.5215706825256348,-0.35771119594573975,-0.1332196742296219,0.616649866104126,-0.3676965832710266,0.034731294959783554,0.034731294959783554
0.4295843839645386,-0.2361323982477188,-0.1884702891111374,-0.5544443130493164,-0.3574679493904114,0.7261245250701904,0.012676659971475601,0.012676659971475601
0.4166804254055023,-0.23003558814525604,-0.18174773454666138,-0.3930215835571289,-0.2880079448223114,0.5414309501647949,-0.0033628884702920914,-0.0033628884702920914
-0.0916178971529007,-0.2707729935646057,0.3823152184486389,-0.16444580256938934,0.6504232883453369,-0.36840200424194336,-0.07464626431465149,-0.07464626431465149
0.4209890365600586,-0.19892197847366333,-0.21930809319019318,-0.5200619697570801,-0.35264354944229126,0.6944798827171326,0.01472439244389534,0.01472439244389534
0.3099912405014038,-0.23727473616600037,-0.06475092470645905,-0.43454962968826294,-0.4224036633968353,0.678871750831604,0.04634835943579674,0.04634835943579674
-0.20532388985157013,-0.20562613010406494,0.42938297986984253,-0.45172926783561707,-0.4845312833786011,0.7407684326171875,0.032853011041879654,0.032853011041879654
-0.27741628885269165,0.34990713000297546,-0.08860959112644196,-0.4132116138935089,-0.41256481409072876,0.6539504528045654,0.05552384629845619,0.05552384629845619
-0.11120907217264175,0.4244993329048157,-0.3383270502090454,-0.12018809467554092,0.518044650554657,-0.30218350887298584,0.01706261932849884,0.01706261932849884
0.35030192136764526,-0.11848713457584381,-0.2325928956270218,0.3450653851032257,-0.05561412498354912,-0.2373051643371582,-0.0005392115563154221,-0.0005392115563154221
-0.24781982600688934,-0.24116665124893188,0.5107759237289429,-0.3776823580265045,-0.5172791481018066,0.7059080004692078,0.018307825550436974,0.018307825550436974
-0.10521960258483887,-0.3000551164150238,0.4274436831474304,-0.051744718104600906,0.5198467969894409,-0.35915642976760864,-0.010659882798790932,-0.010659882798790932
0.38617295026779175,-0.2731160521507263,-0.10460228472948074,-0.1305565983057022,0.5716845989227295,-0.3351585865020752,-0.0270049087703228,-0.0270049087703228
-0.12300179898738861,-0.13825389742851257,0.2732830047607422,0.5535280108451843,-0.1101912334561348,-0.3644770681858063,-0.09212300926446915,-0.09212300926446915
-0.26287519931793213,-0.21727009117603302,0.5007392168045044,0.6435399055480957,-0.23714679479599,-0.33960020542144775,-0.019687701016664505,-0.019687701016664505
-0.30735456943511963,-0.17203904688358307,0.4981135129928589,0.6683656573295593,-0.16080158948898315,-0.41867828369140625,-0.029511183500289917,-0.029511183500289917
-0.10351923853158951,0.3089945912361145,-0.2231505662202835,-0.42604905366897583,-0.3040663003921509,0.5806447863578796,0.07627111673355103,0.07627111673355103
0.5303930640220642,-0.26409754157066345,-0.26193860173225403,-0.16345073282718658,0.6997657418251038,-0.40728873014450073,0.008334502577781677,0.008334502577781677
0.4013415277004242,-0.22770781815052032,-0.16851554811000824,-0.47477781772613525,-0.3862835764884949,0.6836658716201782,0.02829296514391899,0.02829296514391899
0.019232233986258507,-0.25288471579551697,0.24971123039722443,-0.14303241670131683,0.5049106478691101,-0.2734960913658142,-0.04656583443284035,-0.04656583443284035
0.47052252292633057,-0.3111174702644348,-0.15051887929439545,0.46713024377822876,-0.03474032133817673,-0.35254156589508057,-0.03806935250759125,-0.03806935250759125
-0.2106037437915802,-0.18461397290229797,0.41240590810775757,-0.49038249254226685,-0.47720253467559814,0.7665024399757385,-0.0025510359555482864,-0.0025510359555482864
-0.27276960015296936,0.4984876811504364,-0.25165992975234985,-0.4987936317920685,-0.4068146347999573,0.7190130949020386,0.07611477375030518,0.07611477375030518
-0.2427765130996704,0.40453213453292847,-0.1822868287563324,-0.4184691905975342,-0.4460531175136566,0.6840637922286987,0.10032470524311066,0.10032470524311066
-0.13403168320655823,-0.15742166340351105,0.30500173568725586,-0.26855897903442383,-0.32162556052207947,0.46629971265792847,0.009402375668287277,0.009402375668287277
0.1574842929840088,-0.09713688492774963,-0.057830311357975006,0.3470838665962219,-0.08567824214696884,-0.21574321389198303,-0.01754169538617134,-0.01754169538617134
-0.2028343379497528,-0.19670337438583374,0.4173268973827362,0.5853267908096313,-0.16550052165985107,-0.3476170599460602,-0.05400940775871277,-0.05400940775871277
0.39365053176879883,-0.28842753171920776,-0.09594963490962982,0.5221821665763855,-0.018759852275252342,-0.40958109498023987,-0.038390398025512695,-0.038390398025512695
0.34844088554382324,-0.11439422518014908,-0.23504695296287537,0.4742436408996582,-0.11380605399608612,-0.29730135202407837,0.017053915187716484,0.017053915187716484
-0.20079921185970306,-0.18804098665714264,0.4060138463973999,-0.42975306510925293,-0.46765267848968506,0.7098960876464844,-0.005331476218998432,-0.005331476218998432
-0.24006138741970062,0.3776971995830536,-0.15647944808006287,-0.4146423935890198,-0.4423554539680481,0.6781024932861328,0.03354427590966225,0.03354427590966225
0.576275646686554,-0.230471670627594,-0.3447607755661011,-0.25149524211883545,0.5613113641738892,-0.22894030809402466,-0.04064299166202545,-0.04064299166202545
-0.2754690647125244,0.48760664463043213,-0.23730269074440002,-0.4863104224205017,-0.41631096601486206,0.7162042856216431,0.06202510744333267,0.06202510744333267
-0.2982786297798157,0.39302292466163635,-0.11317326128482819,0.5470269322395325,-0.15651917457580566,-0.323445200920105,0.03990233689546585,0.03990233689546585
0.3286091387271881,-0.22279460728168488,-0.09924820810556412,0.5647304058074951,-0.07482120394706726,-0.4008702337741852,-0.023247234523296356,-0.023247234523296356
-0.07345472276210785,-0.24519819021224976,0.3364640176296234,-0.059870779514312744,0.6137760877609253,-0.42504480481147766,-0.09245458990335464,-0.09245458990335464
-0.24425610899925232,-0.28554102778434753,0.554399847984314,-0.3278239369392395,-0.3831126093864441,0.56187903881073,-0.007486278656870127,-0.007486278656870127
-0.2222067415714264,0.42844241857528687,-0.2288299798965454,-0.4484732747077942,-0.34680861234664917,0.6318405866622925,0.04421129822731018,0.04421129822731018
0.5858805179595947,-0.3097570836544037,-0.2701323628425598,-0.08254912495613098,0.6373335123062134,-0.42480769753456116,-0.020951494574546814,-0.020951494574546814
-0.23657771944999695,0.45768386125564575,-0.2452618032693863,-0.4479633569717407,-0.3100438714027405,0.6030542850494385,0.053673986345529556,0.053673986345529556
-0.29421210289001465,0.5180341005325317,-0.25051960349082947,-0.2770722806453705,-0.27795305848121643,0.43951019644737244,0.032840512692928314,0.032840512692928314
-0.22757428884506226,-0.18355150520801544,0.42865729331970215,0.620571494102478,-0.1516859382390976,-0.3868999183177948,-0.07805691659450531,-0.07805691659450531
-0.27094435691833496,0.41943785548210144,-0.16931366920471191,-0.4552769660949707,-0.4345203638076782,0.7050548791885376,0.05926879495382309,0.05926879495382309
-0.2263798713684082,-0.19615934789180756,0.440865695476532,0.6424314975738525,-0.18192648887634277,-0.3813149034976959,-0.03547682985663414,-0.03547682985663414
-0.20932331681251526,-0.2510283589363098,0.4818490147590637,0.5824092030525208,-0.2181822508573532,-0.3045920133590698,-0.05025193840265274,-0.05025193840265274
-0.31770920753479004,-0.12571358680725098,0.45936721563339233,0.6240890622138977,-0.19300009310245514,-0.3578733801841736,0.001238599419593811,0.001238599419593811
0.40098243951797485,-0.2528010308742523,-0.141414612531662,-0.49593430757522583,-0.35427772998809814,0.6761472225189209,0.029218342155218124,0.029218342155218124
0.022851988673210144,-0.2847311198711395,0.27993103861808777,-0.11334129422903061,0.6026405096054077,-0.37302833795547485,-0.04477493837475777,-0.04477493837475777
0.427090585231781,-0.19970683753490448,-0.22472193837165833,-0.5443849563598633,-0.3810375928878784,0.7361446022987366,0.02932136319577694,0.02932136319577694
-0.23108889162540436,0.49362003803253174,-0.2891688048839569,-0.07321827113628387,0.5876169204711914,-0.39401769638061523,0.06616798043251038,0.06616798043251038
-0.25872883200645447,0.4571770429611206,-0.22203190624713898,-0.5198655128479004,-0.3761725127696991,0.7124782204627991,0.0626167505979538,0.0626167505979538
0.5491010546684265,-0.20953968167304993,-0.3392251133918762,-0.13900157809257507,0.6730607748031616,-0.4065348505973816,-0.06351135671138763,-0.06351135671138763
0.4675435423851013,-0.2782346308231354,-0.1824992299079895,0.48902028799057007,-0.010135852731764317,-0.38930606842041016,-0.040523286908864975,-0.040523286908864975
-0.17419113218784332,0.4588911533355713,-0.31045225262641907,-0.1972256600856781,0.459747314453125,-0.19463272392749786,0.02424008771777153,0.02424008771777153
-0.22337237000465393,0.41612234711647034,-0.2145107239484787,-0.36659398674964905,-0.42151445150375366,0.6229994297027588,0.04894199222326279,0.04894199222326279
-0.2260366976261139,-0.16858410835266113,0.41113677620887756,0.6831569075584412,-0.17796337604522705,-0.41744595766067505,-0.05584330856800079,-0.05584330856800079
0.31399133801460266,-0.17179833352565765,-0.13860377669334412,-0.43904006481170654,-0.3633350133895874,0.6369336843490601,0.035856589674949646,0.035856589674949646
0.4254118800163269,-0.2521224617958069,-0.16716118156909943,-0.4267624020576477,-0.29599741101264954,0.5749971866607666,0.06242942437529564,0.06242942437529564
-0.09563875198364258,-0.1003047376871109,0.20482517778873444,0.46496859192848206,-0.14381909370422363,-0.26660749316215515,-0.028046129271388054,-0.028046129271388054
-0.2663867473602295,-0.16226568818092346,0.4457370638847351,0.6699919700622559,-0.17740416526794434,-0.40718644857406616,-0.034955304116010666,-0.034955304116010666
-0.20931264758110046,0.5048646330833435,-0.3234543204307556,-0.1946987360715866,0.48366501927375793,-0.2151426076889038,0.049073316156864166,0.049073316156864166
-0.04275830090045929,-0.23544497787952423,0.2946302890777588,-0.19347475469112396,0.6956242918968201,-0.3797105550765991,-0.059936657547950745,-0.059936657547950745
0.39635521173477173,-0.24340495467185974,-0.1466849446296692,-0.5208413600921631,-0.3648681640625,0.7045468091964722,0.037768103182315826,0.037768103182315826
0.48226475715637207,-0.24292190372943878,-0.23519903421401978,-0.11956409364938736,0.6229110956192017,-0.3836180567741394,-0.015121934935450554,-0.015121934935450554
-0.2226051241159439,-0.22571879625320435,0.4684903919696808,-0.33972349762916565,-0.44777244329452515,0.6214420795440674,0.04302746057510376,0.04302746057510376
-0.19863355159759521,0.43771058320999146,-0.26285049319267273,0.5828122496604919,-0.06674108654260635,-0.4217899441719055,-0.021586090326309204,-0.021586090326309204
-0.13498422503471375,-0.13596326112747192,0.2831166386604309,0.5299755334854126,-0.12198001891374588,-0.3362526297569275,-0.057745784521102905,-0.057745784521102905
-0.0985618382692337,0.370595246553421,-0.2938549816608429,-0.13191497325897217,0.5140695571899414,-0.28959253430366516,0.08063207566738129,0.08063207566738129
0.48327136039733887,-0.2765190005302429,-0.20043733716011047,-0.16786320507526398,0.6966304779052734,-0.40128588676452637,0.003861467819660902,0.003861467819660902
0.40452805161476135,-0.1701301634311676,-0.2331201136112213,-0.4634343981742859,-0.3063613176345825,0.6127761602401733,0.02393382042646408,0.02393382042646408
0.031401168555021286,-0.31004592776298523,0.29814308881759644,-0.12216301262378693,0.5478501319885254,-0.323581337928772,-0.07490076869726181,-0.07490076869726181
0.40825197100639343,-0.19339445233345032,-0.21214991807937622,-0.497592031955719,-0.3416263461112976,0.6677300930023193,0.024774819612503052,0.024774819612503052
0.4675271511077881,-0.2696317732334137,-0.1916474550962448,-0.12741701304912567,0.6528838276863098,-0.4003714919090271,-0.007242504507303238,-0.007242504507303238
0.36156463623046875,-0.13408352434635162,-0.2275138944387436,0.4010404348373413,-0.10288646072149277,-0.2462807297706604,0.02177194133400917,0.02177194133400917
-0.2379152774810791,-0.24291671812534332,0.502494752407074,0.672277569770813,-0.1649937629699707,-0.41861990094184875,-0.05243277549743652,-0.05243277549743652
-0.15791425108909607,-0.1307508647441864,0.30105137825012207,0.5807657837867737,-0.11609368771314621,-0.3820415139198303,-0.08709169179201126,-0.08709169179201126
-0.27404823899269104,0.4564586281776428,-0.20557448267936707,0.639484703540802,-0.16622783243656158,-0.3910367488861084,0.02359839528799057,0.02359839528799057
-0.15288478136062622,0.36705154180526733,-0.2344353049993515,-0.4179190993309021,-0.345156729221344,0.6057530641555786,0.07718107104301453,0.07718107104301453
-0.24208876490592957,-0.25848066806793213,0.5233509540557861,-0.3337516784667969,-0.49675416946411133,0.6543927788734436,0.003206184133887291,0.003206184133887291
-0.2582051455974579,0.46742886304855347,-0.23349007964134216,-0.4806235730648041,-0.36411747336387634,0.6713070869445801,0.055110760033130646,0.055110760033130646
-0.2817181348800659,0.38192248344421387,-0.11831076443195343,0.5862681865692139,-0.09510397166013718,-0.40270817279815674,0.02045973762869835,0.02045973762869835
0.6021174192428589,-0.3438144326210022,-0.25048118829727173,-0.12205398827791214,0.5995082855224609,-0.3635355830192566,-0.030568525195121765,-0.030568525195121765
-0.1637144833803177,-0.18336358666419983,0.3630438446998596,0.5376210808753967,-0.18338152766227722,-0.2950765788555145,-0.05861483886837959,-0.05861483886837959
0.49779075384140015,-0.2978270649909973,-0.19260939955711365,0.5528870820999146,-0.02303905412554741,-0.4312138557434082,-0.02750622294843197,-0.02750622294843197
-0.15583644807338715,0.4972037672996521,-0.3700699210166931,-0.028077971190214157,0.4179952144622803,-0.299774706363678,-0.009745459072291851,-0.009745459072291851
-0.2879444360733032,0.4602786898612976,-0.19540992379188538,-0.47176504135131836,-0.441567063331604,0.723882794380188,0.05535685271024704,0.05535685271024704
-0.131308451294899,-0.25559455156326294,0.4068010449409485,-0.3698525130748749,-0.4358097314834595,0.636677622795105,0.019183460623025894,0.019183460623025894
-0.08791711926460266,-0.17919708788394928,0.28096383810043335,-0.05140192061662674,0.612655758857727,-0.4310576319694519,-0.00747036375105381,-0.00747036375105381
0.3927127718925476,-0.23550593852996826,-0.15136919915676117,-0.09568485617637634,0.5888345241546631,-0.37671247124671936,-0.004943059757351875,-0.004943059757351875
-0.21280232071876526,-0.1541532278060913,0.3822065591812134,-0.49399203062057495,-0.4941054582595825,0.7824781537055969,0.01976964995265007,0.01976964995265007
-0.31317389011383057,0.4038626551628113,-0.10946381092071533,0.4936322271823883,-0.12667495012283325,-0.3031153976917267,0.0428939126431942,0.0428939126431942
-0.31906479597091675,-0.10536989569664001,0.439082533121109,0.6362765431404114,-0.16958677768707275,-0.3858393132686615,-0.005491282790899277,-0.005491282790899277
-0.23241329193115234,0.4737071990966797,-0.266598105430603,0.023993972688913345,0.5160474181175232,-0.4177308678627014,0.03741160407662392,0.03741160407662392
-0.21208417415618896,-0.18017128109931946,0.40918928384780884,0.6240972280502319,-0.1773446798324585,-0.369961678981781,-0.03700622171163559,-0.03700622171163559
-0.33886831998825073,0.4560962915420532,-0.13879159092903137,0.5956343412399292,-0.13174700736999512,-0.382036030292511,0.028506867587566376,0.028506867587566376
-0.26539939641952515,0.4166402816772461,-0.17201313376426697,-0.49276524782180786,-0.4668138027191162,0.7604203224182129,0.06844089925289154,0.06844089925289154
0.5432937741279602,-0.24070827662944794,-0.30007097125053406,-0.19535009562969208,0.6626253128051758,-0.3527214229106903,0.007938966155052185,0.007938966155052185
0.3798791170120239,-0.2547917366027832,-0.11767718195915222,0.5737934708595276,-0.10933148115873337,-0.3815978765487671,0.023095816373825073,0.023095816373825073
-0.12872038781642914,0.3438257575035095,-0.23444391787052155,0.48132234811782837,-0.08264804631471634,-0.32709529995918274,0.013921160250902176,0.013921160250902176
0.3981524407863617,-0.16280317306518555,-0.23439523577690125,-0.5022146701812744,-0.29891711473464966,0.6385244131088257,0.033609285950660706,0.033609285950660706
0.4687149226665497,-0.27724626660346985,-0.18475210666656494,0.5376179218292236,-0.07038751244544983,-0.3822740912437439,-0.07271921634674072,-0.07271921634674072
-0.2051125466823578,0.4411851763725281,-0.2599155008792877,-0.4561835527420044,-0.36234816908836365,0.6500941514968872,0.03652016073465347,0.03652016073465347
-0.21449974179267883,-0.2520429491996765,0.4882323145866394,-0.3633255958557129,-0.45156437158584595,0.6435353755950928,0.004108423832803965,0.004108423832803965
-0.2831685543060303,-0.22020669281482697,0.524654746055603,-0.3515012860298157,-0.43120771646499634,0.6182233095169067,0.015092618763446808,0.015092618763446808
-0.21728277206420898,-0.12514925003051758,0.3558965027332306,0.48358410596847534,-0.22526007890701294,-0.21887502074241638,-0.0020987694151699543,-0.0020987694151699543
-0.1458044797182083,0.5130695700645447,-0.3972485661506653,-0.10830891132354736,0.5317426919937134,-0.3224015235900879,0.02015971764922142,0.02015971764922142
0.535759449005127,-0.3236691355705261,-0.20397089421749115,-0.10633045434951782,0.5697554349899292,-0.35334357619285583,-0.05081792175769806,-0.05081792175769806
-0.2922658324241638,0.40836912393569946,-0.1356813907623291,-0.4550802707672119,-0.44626954197883606,0.7139623165130615,0.06585939228534698,0.06585939228534698
0.3436785936355591,-0.21448315680027008,-0.12353882193565369,-0.07226325571537018,0.408408522605896,-0.25649401545524597,0.05332116037607193,0.05332116037607193
-0.2998349666595459,0.41961878538131714,-0.13991297781467438,-0.4348765015602112,-0.3954397439956665,0.6583284735679626,0.0672890841960907,0.0672890841960907
0.25764575600624084,-0.19591093063354492,-0.055199120193719864,0.5991160869598389,-0.10251198709011078,-0.4074248671531677,0.0059732114896178246,0.0059732114896178246
-0.2250296175479889,-0.06338468194007874,0.2980307340621948,0.4627053737640381,-0.1135784238576889,-0.2881069779396057,-0.04879618063569069,-0.04879618063569069
0.5901334285736084,-0.21548736095428467,-0.37491917610168457,-0.1258586347103119,0.6591829061508179,-0.40649816393852234,-0.053079139441251755,-0.053079139441251755
0.5130491256713867,-0.2733723223209381,-0.23429186642169952,-0.1155085563659668,0.5314443111419678,-0.31632453203201294,0.005078654736280441,0.005078654736280441
-0.20838159322738647,0.46506527066230774,-0.28200769424438477,-0.05775478482246399,0.4347572922706604,-0.28861016035079956,-0.0056387800723314285,-0.0056387800723314285
-0.13902226090431213,-0.2452717423439026,0.40370500087738037,-0.050993531942367554,0.6209476590156555,-0.4377882778644562,-0.023086313158273697,-0.023086313158273697
-0.27563297748565674,-0.17883166670799255,0.47285687923431396,0.4532141089439392,-0.1640348732471466,-0.24146082997322083,0.010691964067518711,0.010691964067518711
-0.10709605365991592,0.3838944137096405,-0.2992815375328064,-0.07319512963294983,0.6109286546707153,-0.41202670335769653,0.03382612019777298,0.03382612019777298
0.41144776344299316,-0.25768783688545227,-0.14692839980125427,0.6324936151504517,-0.06411933153867722,-0.4641588628292084,-0.011919019743800163,-0.011919019743800163
0.429641455411911,-0.3166106939315796,-0.10279107838869095,0.5200037360191345,-0.08788473159074783,-0.3544667959213257,-0.02054847963154316,-0.02054847963154316
-0.2598368525505066,-0.1546296626329422,0.4308927655220032,0.6257033944129944,-0.20901906490325928,-0.34682220220565796,-0.05877131223678589,-0.05877131223678589
-0.034222476184368134,-0.25759291648864746,0.3094821274280548,-0.1944476068019867,0.6635735630989075,-0.3541862368583679,-0.10120714455842972,-0.10120714455842972
0.39830172061920166,-0.18887896835803986,-0.2067682296037674,-0.5606017112731934,-0.3742908835411072,0.7441075444221497,0.02591131068766117,0.02591131068766117
-0.14356406033039093,-0.23007068037986755,0.3921627402305603,0.6679661870002747,-0.12810209393501282,-0.44358885288238525,-0.08490706980228424,-0.08490706980228424
-0.13392971456050873,0.5125385522842407,-0.4088464379310608,-0.08703774958848953,0.6189348697662354,-0.4069638252258301,0.017882753163576126,0.017882753163576126
-0.17455711960792542,-0.06792525202035904,0.25116774439811707,0.3547179698944092,-0.1332342028617859,-0.18524280190467834,-0.03872311860322952,-0.03872311860322952
-0.13335813581943512,-0.20720618963241577,0.35734981298446655,-0.11016470193862915,0.609000027179718,-0.3805157542228699,-0.04129817336797714,-0.04129817336797714
0.029522687196731567,-0.2521042823791504,0.23833897709846497,-0.07040441781282425,0.6145470142364502,-0.4170854091644287,-0.06154066324234009,-0.06154066324234009
0.03551923483610153,-0.28552180528640747,0.2677980065345764,-0.09685780853033066,0.6261641979217529,-0.4045681357383728,-0.0446191169321537,-0.0446191169321537
0.33789515495300293,-0.2205415666103363,-0.11116030812263489,-0.43685266375541687,-0.305644690990448,0.5906363725662231,0.06135539337992668,0.06135539337992668
-0.24571062624454498,-0.22532197833061218,0.49173521995544434,-0.3642159104347229,-0.4982209801673889,0.680264413356781,0.02909587323665619,0.02909587323665619
-0.2530979514122009,0.29703807830810547,-0.05719536170363426,0.5967956781387329,-0.10136901587247849,-0.40642252564430237,-0.02279754728078842,-0.02279754728078842
0.6041484475135803,-0.2903103232383728,-0.3095623850822449,-0.20036916434764862,0.7192624807357788,-0.39235374331474304,-0.018119143322110176,-0.018119143322110176
0.49238085746765137,-0.23587806522846222,-0.25306546688079834,0.49489763379096985,-0.03767632320523262,-0.37282538414001465,-0.0892215371131897,-0.0892215371131897
-0.167273610830307,0.28603219985961914,-0.1333824098110199,0.5892698764801025,-0.11462073028087616,-0.39008429646492004,-0.025286024436354637,-0.025286024436354637
-0.20540843904018402,0.28310391306877136,-0.09120018035173416,-0.07804518938064575,0.469407856464386,-0.2988731563091278,0.020971544086933136,0.020971544086933136
0.34277456998825073,-0.21963798999786377,-0.11712104827165604,-0.4923206865787506,-0.37083280086517334,0.6859885454177856,0.047963108867406845,0.047963108867406845
-0.21094673871994019,0.40150153636932373,-0.2116623818874359,0.529687762260437,-0.1459749937057495,-0.317501425743103,-0.008039494976401329,-0.008039494976401329
-0.33625075221061707,0.4709637761116028,-0.15731188654899597,0.46864256262779236,-0.1818680465221405,-0.24022778868675232,0.04161308333277702,0.04161308333277702
0.38472339510917664,-0.19184303283691406,-0.18970182538032532,0.46979859471321106,-0.08359605073928833,-0.3170053958892822,0.0010092351585626602,0.0010092351585626602
0.40289467573165894,-0.19194412231445312,-0.2082073986530304,-0.5078268647193909,-0.42213109135627747,0.7381690144538879,0.039523523300886154,0.039523523300886154
0.28840726613998413,-0.22244474291801453,-0.058441005647182465,-0.34915727376937866,-0.3696584701538086,0.5688208341598511,0.06472062319517136,0.06472062319517136
-0.12205890566110611,-0.15496006608009338,0.2901151776313782,0.46827948093414307,-0.15239542722702026,-0.26267772912979126,-0.04902646690607071,-0.04902646690607071
-0.24657480418682098,-0.1763680875301361,0.4404671788215637,0.5938773155212402,-0.1841665655374527,-0.34015583992004395,-0.04923483729362488,-0.04923483729362488
-0.052146486937999725,-0.19420675933361053,0.26031360030174255,-0.11181621253490448,0.5274413824081421,-0.31623390316963196,-0.05897583067417145,-0.05897583067417145
0.48486757278442383,-0.2824990749359131,-0.1957015097141266,-0.12055104970932007,0.6403599381446838,-0.39628228545188904,-0.019122863188385963,-0.019122863188385963
0.37983930110931396,-0.22373510897159576,-0.15072259306907654,-0.5140465497970581,-0.38001391291618347,0.7107172012329102,0.02181847020983696,0.02181847020983696
-0.10615947097539902,-0.15238678455352783,0.27108752727508545,-0.4229363799095154,-0.42499029636383057,0.6714369058609009,-0.02140820398926735,-0.02140820398926735
-0.2611123025417328,0.38303470611572266,-0.14060275256633759,-0.44810983538627625,-0.4359693229198456,0.7003527283668518,0.05741526931524277,0.05741526931524277
-0.2778018116950989,0.4867120683193207,-0.2339601218700409,-0.46108925342559814,-0.40161484479904175,0.6843810677528381,0.05910053849220276,0.05910053849220276
0.4404749870300293,-0.2660128176212311,-0.16779273748397827,-0.14383190870285034,0.6615861654281616,-0.3937569260597229,-0.027372460812330246,-0.027372460812330246
-0.24436074495315552,0.514546275138855,-0.29786795377731323,-0.026037804782390594,0.5287359356880188,-0.3868926167488098,0.05651271343231201,0.05651271343231201
0.4846879839897156,-0.29202398657798767,-0.18537026643753052,0.3729209899902344,-0.00315705593675375,-0.3004087805747986,-0.055690065026283264,-0.055690065026283264
-0.28739795088768005,-0.2225044071674347,0.5314348936080933,-0.38268929719924927,-0.4042273759841919,0.622729480266571,0.032514795660972595,0.032514795660972595
-0.30896425247192383,0.4277174472808838,-0.13918960094451904,-0.4479336738586426,-0.4085477590560913,0.6790478825569153,0.07666222751140594,0.07666222751140594
-0.2744775414466858,-0.2142764925956726,0.5094345808029175,-0.2966920733451843,-0.39803141355514526,0.5481104254722595,0.02481851540505886,0.02481851540505886
-0.19967105984687805,0.4086607098579407,-0.23083926737308502,-0.446512907743454,-0.31020960211753845,0.6020042896270752,0.1037418320775032,0.1037418320775032
0.5971664190292358,-0.3181379437446594,-0.27276426553726196,-0.1864914894104004,0.6798640489578247,-0.3732190430164337,-0.054030537605285645,-0.054030537605285645
0.2900753617286682,-0.20728760957717896,-0.07629746198654175,-0.3922197222709656,-0.36780428886413574,0.6023603677749634,0.005597568117082119,0.005597568117082119
-0.2289423793554306,0.4117182493209839,-0.20411333441734314,-0.1510152816772461,-0.2337852418422699,0.3030553460121155,0.019228843972086906,0.019228843972086906
-0.2844420075416565,-0.2063487023115158,0.5111955404281616,-0.44672349095344543,-0.5019930601119995,0.7501789331436157,0.021423984318971634,0.021423984318971634
-0.23120373487472534,0.45032382011413574,-0.2429254800081253,-0.4403972029685974,-0.40000465512275696,0.6663346290588379,0.03875744342803955,0.03875744342803955
-0.17441833019256592,0.3776698112487793,-0.22369015216827393,-0.49013978242874146,-0.36157816648483276,0.6770753860473633,0.05096989870071411,0.05096989870071411
-0.27847281098365784,-0.199366495013237,0.4976425766944885,0.6067824363708496,-0.18307676911354065,-0.35147690773010254,-0.06565200537443161,-0.06565200537443161
-0.10092825442552567,-0.29710692167282104,0.41990700364112854,-0.04296291247010231,0.5519002676010132,-0.39102447032928467,-0.04913971945643425,-0.04913971945643425
-0.15877777338027954,0.3891656994819641,-0.2519584000110626,-0.049691565334796906,0.5114796757698059,-0.354366660118103,0.018436677753925323,0.018436677753925323
-0.18954256176948547,-0.1299886554479599,0.33263716101646423,-0.44100356101989746,-0.44463685154914856,0.7012707591056824,-0.017098644748330116,-0.017098644748330116
0.6067379713058472,-0.21927356719970703,-0.38789400458335876,-0.2242228388786316,0.6976369619369507,-0.35629355907440186,-0.034032776951789856,-0.034032776951789856
-0.23220139741897583,0.49712124466896057,-0.29175931215286255,-0.47186535596847534,-0.3686743378639221,0.6677112579345703,0.045899905264377594,0.045899905264377594
-0.13100071251392365,0.4882042407989502,-0.3859221041202545,-0.10874283313751221,0.6632375121116638,-0.4235267639160156,0.021283814683556557,0.021283814683556557
0.3640196919441223,-0.29302412271499634,-0.06070095673203468,-0.3798293471336365,-0.4045946002006531,0.6206902265548706,0.007358109578490257,0.007358109578490257
-0.17416933178901672,-0.2648293972015381,0.46054285764694214,-0.36776915192604065,-0.48988330364227295,0.676715612411499,-0.0067773135378956795,-0.0067773135378956795
-0.22329865396022797,0.4610288143157959,-0.2624274790287018,0.5544281601905823,-0.04490556940436363,-0.41559040546417236,0.020376835018396378,0.020376835018396378
0.3862128257751465,-0.12358468770980835,-0.26394665241241455,-0.49399375915527344,-0.28509795665740967,0.6211836934089661,0.021058253943920135,0.021058253943920135
-0.07317214459180832,-0.1870543211698532,0.27423086762428284,-0.12186736613512039,0.6310521364212036,-0.3880302906036377,-0.06308095157146454,-0.06308095157146454
-0.14353522658348083,-0.15993720293045044,0.31741636991500854,-0.43037810921669006,-0.4545449912548065,0.7002882361412048,-0.014867864549160004,-0.014867864549160004
-0.09283845871686935,-0.2856746315956116,0.3994409739971161,-0.07955211400985718,0.6698957085609436,-0.4523705244064331,-0.05784329026937485,-0.05784329026937485
-0.2571815848350525,-0.23607727885246277,0.5149433612823486,-0.3074794411659241,-0.46464186906814575,0.6082755923271179,0.022834759205579758,0.022834759205579758
0.6052151918411255,-0.2557089626789093,-0.3475176692008972,-0.2169349193572998,0.6897971630096436,-0.35616186261177063,-0.059101592749357224,-0.059101592749357224
0.5238627791404724,-0.34130603075027466,-0.17299526929855347,0.4914391338825226,0.016542645171284676,-0.41185879707336426,-0.056795842945575714,-0.056795842945575714
0.5389986038208008,-0.27337974309921265,-0.2608646750450134,-0.16575829684734344,0.7334526181221008,-0.4314116835594177,-0.0011068526655435562,-0.0011068526655435562
0.5206043720245361,-0.24540379643440247,-0.27182716131210327,-0.12433751672506332,0.7093972563743591,-0.4464850425720215,-0.010091198608279228,-0.010091198608279228
-0.281846284866333,-0.1986762285232544,0.500362753868103,0.5910567045211792,-0.17675098776817322,-0.3435879349708557,-0.03882225602865219,-0.03882225602865219
0.34101399779319763,-0.2793690264225006,-0.05168312415480614,-0.4330665171146393,-0.3955148458480835,0.6569164991378784,0.009970828890800476,0.009970828890800476
0.43009212613105774,-0.20624148845672607,-0.22083479166030884,-0.5627628564834595,-0.32869940996170044,0.7106785774230957,0.017812244594097137,0.017812244594097137
-0.172027125954628,0.49487605690956116,-0.35100555419921875,-0.05093805491924286,0.5579092502593994,-0.3891851603984833,-0.00999063067138195,-0.00999063067138195
-0.026394855231046677,-0.24188509583473206,0.2847297787666321,-0.15064287185668945,0.4624451994895935,-0.23454420268535614,-0.069570392370224,-0.069570392370224
-0.25206971168518066,-0.2306404709815979,0.5039149522781372,0.5837584733963013,-0.2421569526195526,-0.2871858477592468,-0.037407442927360535,-0.037407442927360535
0.3269417881965637,-0.23836298286914825,-0.08095451444387436,0.4793800711631775,-0.034913569688797,-0.3623558282852173,-0.02581341750919819,-0.02581341750919819
-0.24554157257080078,-0.17762285470962524,0.44074568152427673,-0.4543790817260742,-0.41498440504074097,0.6892493963241577,0.03592069074511528,0.03592069074511528
-0.1424110233783722,0.4026203751564026,-0.2830572724342346,0.495386004447937,-0.027020612731575966,-0.3814452290534973,0.00029795151203870773,0.00029795151203870773
0.2819742262363434,-0.23766623437404633,-0.035635270178318024,-0.37550145387649536,-0.40698957443237305,0.619023859500885,0.012969519942998886,0.012969519942998886
0.38636791706085205,-0.21202655136585236,-0.16988375782966614,-0.5368783473968506,-0.390522301197052,0.737368106842041,0.028795631602406502,0.028795631602406502
-0.281507670879364,-0.2339136004447937,0.5375561714172363,-0.34735745191574097,-0.3943961262702942,0.5864498615264893,0.028227124363183975,0.028227124363183975
-0.047040849924087524,-0.2978222370147705,0.3654707670211792,-0.08648572117090225,0.5195676684379578,-0.3307282030582428,-0.0448647141456604,-0.0448647141456604
0.37671416997909546,-0.16286350786685944,-0.21237120032310486,0.4758967161178589,-0.023946348577737808,-0.3679906129837036,-0.02259627729654312,-0.02259627729654312
0.4338507652282715,-0.23927420377731323,-0.18949341773986816,0.5966796875,-0.054043229669332504,-0.44285082817077637,-0.03514663502573967,-0.03514663502573967
-0.2742084860801697,-0.24909608066082,0.5462540984153748,-0.31533652544021606,-0.40988102555274963,0.5723959803581238,0.014684493653476238,0.014684493653476238
0.4680478572845459,-0.2844085991382599,-0.1764383316040039,-0.20631879568099976,0.4331511855125427,-0.16672345995903015,-0.013253673911094666,-0.013253673911094666
-0.20263618230819702,-0.21423080563545227,0.435796856880188,-0.3943943381309509,-0.46742117404937744,0.6810030937194824,-0.0022753747180104256,-0.0022753747180104256
0.4149968922138214,-0.23322460055351257,-0.17662584781646729,0.49503612518310547,-0.0073772007599473,-0.3963204026222229,-0.03557479754090309,-0.03557479754090309
-0.09358768165111542,-0.13332322239875793,0.23790055513381958,-0.4841582477092743,-0.4135362505912781,0.7123151421546936,-0.013433917425572872,-0.013433917425572872
0.5992425084114075,-0.2917328476905823,-0.3030216097831726,-0.20175082981586456,0.6531970500946045,-0.34024757146835327,-0.06607802957296371,-0.06607802957296371
0.3627314865589142,-0.2587208151817322,-0.09592655301094055,-0.10897429287433624,0.570765495300293,-0.3519759774208069,-0.014668922871351242,-0.014668922871351242
-0.15613973140716553,0.3677709698677063,-0.23186761140823364,-0.43533217906951904,-0.35993528366088867,0.6312989592552185,0.04571251571178436,0.04571251571178436
-0.2384253293275833,0.5378588438034058,-0.32878392934799194,-0.04668606445193291,0.44391930103302,-0.30466943979263306,0.048572130501270294,0.048572130501270294
-0.2746761739253998,-0.17511284351348877,0.4679149091243744,0.5780718326568604,-0.16276222467422485,-0.343838632106781,-0.02959141507744789,-0.02959141507744789
-0.2110622227191925,-0.16893364489078522,0.39617031812667847,0.6464625000953674,-0.1986292004585266,-0.3716985583305359,-0.110449880361557,-0.110449880361557
0.3887726068496704,-0.1658371090888977,-0.22155503928661346,0.5043097138404846,-0.04144987091422081,-0.3775567412376404,-0.023352449759840965,-0.023352449759840965
0.554545521736145,-0.24051986634731293,-0.3117971122264862,-0.14477643370628357,0.453399658203125,-0.23232756555080414,-0.03221966326236725,-0.03221966326236725
-0.3302468955516815,0.3979988694190979,-0.0857284665107727,0.6491168141365051,-0.12210041284561157,-0.43291303515434265,0.019401315599679947,0.019401315599679947
-0.32729870080947876,0.4445475935935974,-0.13833922147750854,0.6462173461914062,-0.09995868057012558,-0.44764572381973267,0.028063636273145676,0.028063636273145676
0.4397251009941101,-0.18117818236351013,-0.2574034035205841,0.43546736240386963,-0.0066089993342757225,-0.3485380709171295,-0.040415290743112564,-0.040415290743112564
-0.12792260944843292,0.38305044174194336,-0.2770492136478424,-0.03838839381933212,0.5920859575271606,-0.42575156688690186,0.0015933988615870476,0.0015933988615870476
-0.04249824211001396,-0.24679508805274963,0.3064557909965515,-0.09256545454263687,0.606450080871582,-0.39284005761146545,-0.036080628633499146,-0.036080628633499146
-0.22778919339179993,-0.22802136838436127,0.47625359892845154,-0.3696442246437073,-0.4819672703742981,0.6721292734146118,0.005906936712563038,0.005906936712563038
-0.35098081827163696,0.49028778076171875,-0.16281041502952576,0.5917903780937195,-0.1747852861881256,-0.34570080041885376,-0.007482055574655533,-0.007482055574655533
-0.28137511014938354,0.4348609745502472,-0.17506025731563568,0.5992148518562317,-0.12147261202335358,-0.3928726315498352,0.035984549671411514,0.035984549671411514
-0.24959342181682587,0.4731765389442444,-0.2484346330165863,-0.4534190893173218,-0.34297245740890503,0.6328965425491333,0.05409425497055054,0.05409425497055054
-0.13383398950099945,0.4708455801010132,-0.36452680826187134,-0.04989977926015854,0.5976759195327759,-0.42071717977523804,0.003489503636956215,0.003489503636956215
-0.31126049160957336,0.4079204499721527,-0.11574673652648926,0.5909476280212402,-0.12938615679740906,-0.38005194067955017,0.004311037249863148,0.004311037249863148
0.40602338314056396,-0.23631972074508667,-0.16413657367229462,-0.523352861404419,-0.3858528137207031,0.722780704498291,0.026661446318030357,0.026661446318030357
0.3320631682872772,-0.16230201721191406,-0.16723214089870453,-0.47043663263320923,-0.3624873459339142,0.6617764234542847,0.024432316422462463,0.024432316422462463
0.5753543376922607,-0.3132253587245941,-0.2556551992893219,-0.18868303298950195,0.7054070830345154,-0.39115145802497864,-0.05829793959856033,-0.05829793959856033
-0.18372780084609985,0.366182804107666,-0.20191648602485657,-0.355975866317749,-0.28171300888061523,0.506488561630249,0.05565096437931061,0.05565096437931061
-0.22001314163208008,0.4949071705341339,-0.30188530683517456,-0.07536111027002335,0.49364280700683594,-0.31975552439689636,0.045133642852306366,0.045133642852306366
-0.2620863616466522,0.3929039239883423,-0.1501191407442093,-0.4198906421661377,-0.4403345584869385,0.680804967880249,0.06569473445415497,0.06569473445415497
-0.18459860980510712,-0.13416516780853271,0.33202236890792847,-0.44818273186683655,-0.4695224463939667,0.7263056039810181,-0.033911895006895065,-0.033911895006895065
0.47687649726867676,-0.215974822640419,-0.25838789343833923,0.5558153390884399,-0.009462702088057995,-0.4440690875053406,-0.0676029771566391,-0.0676029771566391
-0.2521508038043976,0.3968276381492615,-0.16447651386260986,-0.5040750503540039,-0.4549846351146698,0.7604761123657227,0.0764206200838089,0.0764206200838089
-0.24769553542137146,0.47170135378837585,-0.2488071471452713,0.626356840133667,-0.13043245673179626,-0.4079999029636383,0.009698247537016869,0.009698247537016869
-0.1642286479473114,0.480712890625,-0.34390491247177124,-0.12524552643299103,0.42925769090652466,-0.22955748438835144,0.02282952331006527,0.02282952331006527
-0.11351848393678665,-0.2620329260826111,0.3954373896121979,-0.052754685282707214,0.5499169826507568,-0.3815420866012573,-0.025834230706095695,-0.025834230706095695
-0.17346011102199554,-0.23644858598709106,0.42958080768585205,0.5245601534843445,-0.08776624500751495,-0.358258455991745,-0.06338952481746674,-0.06338952481746674
0.5715044736862183,-0.24181422591209412,-0.3277897238731384,-0.15843312442302704,0.6398358345031738,-0.3651142120361328,-0.04606522247195244,-0.04606522247195244
-0.24815979599952698,-0.2057275027036667,0.4733688235282898,0.6519955396652222,-0.19024015963077545,-0.3826659321784973,-0.05727852135896683,-0.05727852135896683
-0.08673807233572006,-0.18071797490119934,0.28137630224227905,-0.043042439967393875,0.5606090426445007,-0.39768069982528687,-0.09503702819347382,-0.09503702819347382
0.3835253119468689,-0.1536666601896286,-0.2291458398103714,-0.41683611273765564,-0.3351297676563263,0.5971354246139526,0.03638971596956253,0.03638971596956253
0.3629963994026184,-0.20430722832679749,-0.1541675478219986,-0.4747607111930847,-0.3906843662261963,0.687048077583313,-0.004134930670261383,-0.004134930670261383
-0.08563545346260071,-0.26843535900115967,0.37369686365127563,-0.14942564070224762,0.636086642742157,-0.36953577399253845,-0.02344517596065998,-0.02344517596065998
0.46268054842948914,-0.23370206356048584,-0.22496077418327332,0.5799769163131714,-0.03576508164405823,-0.4433923065662384,-0.01911066472530365,-0.01911066472530365
0.24937894940376282,-0.21994659304618835,-0.02112477272748947,-0.3608771860599518,-0.4460647702217102,0.6373029351234436,-0.005152230150997639,-0.005152230150997639
0.2894613742828369,-0.23227441310882568,-0.0490487776696682,0.571142315864563,-0.08781726658344269,-0.3960479199886322,-0.014244049787521362,-0.014244049787521362
0.3043559789657593,-0.16737784445285797,-0.1334434449672699,0.5248171091079712,-0.05325990170240402,-0.3850964903831482,-0.000185452401638031,-0.000185452401638031
-0.17129069566726685,-0.15787342190742493,0.34364843368530273,-0.499690443277359,-0.44107431173324585,0.7461804151535034,0.03768927603960037,0.03768927603960037
0.3771759867668152,-0.24759528040885925,-0.12257502973079681,-0.5266358852386475,-0.4026953876018524,0.7384446263313293,0.024136101827025414,0.024136101827025414
0.5618436336517334,-0.3312034606933594,-0.22266274690628052,-0.1936497837305069,0.6817057132720947,-0.36882710456848145,-0.019278954714536667,-0.019278954714536667
-0.2641861140727997,0.42506468296051025,-0.18223094940185547,0.5601956844329834,-0.1456880271434784,-0.3424980640411377,-0.003934875130653381,-0.003934875130653381
0.5261576175689697,-0.16624751687049866,-0.36184489727020264,-0.12963809072971344,0.6833072900772095,-0.4220462441444397,-0.03439325466752052,-0.03439325466752052
-0.2038591206073761,-0.21252170205116272,0.43522873520851135,0.5682311654090881,-0.17645472288131714,-0.32528024911880493,-0.0395481213927269,-0.0395481213927269
-0.200180783867836,-0.1261131912469864,0.339405357837677,0.6459122896194458,-0.1675322949886322,-0.39524996280670166,-0.07337746024131775,-0.07337746024131775
0.3116213083267212,-0.2449919730424881,-0.05819907411932945,-0.409523606300354,-0.4254293143749237,0.6608833074569702,0.014941216446459293,0.014941216446459293
0.35402753949165344,-0.22829395532608032,-0.11942613869905472,-0.534744918346405,-0.3746192455291748,0.7233628630638123,0.04129280149936676,0.04129280149936676
-0.23068246245384216,0.3287145793437958,-0.11390279233455658,0.5318572521209717,-0.14948894083499908,-0.3165515065193176,-0.008207916282117367,-0.008207916282117367
-0.12622910737991333,0.44413232803344727,-0.34385764598846436,-0.15697912871837616,0.478318452835083,-0.24164828658103943,0.024890180677175522,0.024890180677175522
-0.19897736608982086,0.42854803800582886,-0.2527369558811188,-0.483394593000412,-0.40268221497535706,0.7033186554908752,0.031008180230855942,0.031008180230855942
-0.13314804434776306,0.49264615774154663,-0.38845473527908325,-0.13154198229312897,0.648826003074646,-0.3938900828361511,0.023898988962173462,0.023898988962173462
0.4503297805786133,-0.25793105363845825,-0.18649712204933167,-0.4952128529548645,-0.36672911047935486,0.6851702928543091,0.008327199146151543,0.008327199146151543
0.44345521926879883,-0.18398216366767883,-0.2582370340824127,0.39569488167762756,-0.06385563313961029,-0.27206069231033325,-0.05424072593450546,-0.05424072593450546
-0.050253450870513916,-0.24893438816070557,0.3166787028312683,-0.1445263922214508,0.640227735042572,-0.3767101764678955,-0.09027428925037384,-0.09027428925037384
-0.28456446528434753,-0.20184317231178284,0.5065209865570068,-0.35143932700157166,-0.45295870304107666,0.6349587440490723,0.040356092154979706,0.040356092154979706
-0.2219104915857315,-0.19561892747879028,0.43571189045906067,-0.501976728439331,-0.472615122795105,0.7723778486251831,0.0337013341486454,0.0337013341486454
-0.22219279408454895,0.435005247592926,-0.23583605885505676,0.5757119655609131,-0.04540445655584335,-0.432489812374115,-0.04174579679965973,-0.04174579679965973
0.5248359441757202,-0.30357515811920166,-0.21418873965740204,-0.16087140142917633,0.598983645439148,-0.33160749077796936,0.040987707674503326,0.040987707674503326
-0.26563799381256104,0.3427734375,-0.09307451546192169,-0.3942174017429352,-0.4101898670196533,0.6366927623748779,0.06160087138414383,0.06160087138414383
0.30833977460861206,-0.206001877784729,-0.09637586772441864,-0.4245917797088623,-0.40439939498901367,0.6568907499313354,0.02657301351428032,0.02657301351428032
0.5122458934783936,-0.33774426579475403,-0.1648903489112854,-0.18415981531143188,0.6519961357116699,-0.353606253862381,-0.019417837262153625,-0.019417837262153625
-0.20130619406700134,0.42944639921188354,-0.25130850076675415,-0.04862622916698456,0.6174473166465759,-0.43700942397117615,0.047984134405851364,0.047984134405851364
-0.1844097524881363,0.4044116735458374,-0.24194514751434326,-0.47222673892974854,-0.3026140332221985,0.6170245409011841,0.06557271629571915,0.06557271629571915
0.38806673884391785,-0.22802168130874634,-0.15458351373672485,0.4564400315284729,-0.12123763561248779,-0.2771081328392029,-0.003409378230571747,-0.003409378230571747
-0.1239125207066536,-0.20712420344352722,0.34758707880973816,-0.060361117124557495,0.5917075276374817,-0.4076157510280609,-0.03857748582959175,-0.03857748582959175
-0.18830206990242004,0.4220038652420044,-0.2567000687122345,-0.46461930871009827,-0.28937411308288574,0.6006290316581726,0.07109756767749786,0.07109756767749786
-0.26374533772468567,-0.14877565205097198,0.42865973711013794,0.5930721163749695,-0.15015211701393127,-0.36575162410736084,-0.03802116587758064,-0.03802116587758064
-0.29926028847694397,0.3272443413734436,-0.042090389877557755,0.5896141529083252,-0.14549511671066284,-0.3665373921394348,-0.00895175151526928,-0.00895175151526928
-0.16276824474334717,-0.10506714880466461,0.27866131067276,-0.0186875369399786,0.15687313675880432,-0.10588666051626205,-0.004994693212211132,-0.004994693212211132
-0.2430565059185028,0.2438923716545105,-0.010862166061997414,0.3608437776565552,-0.1121569573879242,-0.20648321509361267,0.007628686726093292,0.007628686726093292
-0.022645987570285797,-0.19809481501579285,0.2342376559972763,-0.18262924253940582,0.5106786489486694,-0.2457912564277649,-0.01940755918622017,-0.01940755918622017
0.4031645655632019,-0.2901588976383209,-0.10385063290596008,0.6190226078033447,-0.10349089652299881,-0.4228352904319763,-0.05507299304008484,-0.05507299304008484
0.42713701725006104,-0.18381819128990173,-0.24169649183750153,-0.4556846618652344,-0.3172558546066284,0.6148902177810669,0.009257001802325249,0.009257001802325249
-0.0796867087483406,-0.26496919989585876,0.3639107346534729,-0.157632976770401,0.6346330642700195,-0.3617488741874695,-0.010786835104227066,-0.010786835104227066
-0.2123715728521347,0.4507719576358795,-0.2626931965351105,-0.40614596009254456,-0.27768421173095703,0.5441220998764038,0.04295147955417633,0.04295147955417633
0.43867355585098267,-0.2747853994369507,-0.15660159289836884,0.5529890060424805,-0.1433619260787964,-0.3384406864643097,-0.032526154071092606,-0.032526154071092606
-0.27258914709091187,0.3636928200721741,-0.10824078321456909,-0.4496039152145386,-0.42965641617774963,0.6966942548751831,0.03961163014173508,0.03961163014173508
-0.19928327202796936,-0.2638143301010132,0.48518630862236023,-0.4614207148551941,-0.4640932083129883,0.7328661680221558,-0.009800991043448448,-0.009800991043448448
-0.0911598950624466,-0.27675798535346985,0.38822221755981445,-0.11059719324111938,0.6692830324172974,-0.4266863465309143,-0.045485444366931915,-0.045485444366931915
-0.22468377649784088,0.44931942224502563,-0.24853400886058807,-0.44703754782676697,-0.3705795705318451,0.649019181728363,0.0436987429857254,0.0436987429857254
-0.29190391302108765,-0.17287424206733704,0.4831768274307251,0.7107880115509033,-0.16258376836776733,-0.4517536759376526,-0.017483282834291458,-0.017483282834291458
0.4219900965690613,-0.15706507861614227,-0.26492586731910706,-0.45532238483428955,-0.3138298988342285,0.6119521260261536,0.015662342309951782,0.015662342309951782
-0.25100284814834595,-0.18345190584659576,0.4525497257709503,0.7096146941184998,-0.18073436617851257,-0.43679359555244446,-0.029672933742403984,-0.029672933742403984
0.5821995139122009,-0.3006497025489807,-0.2760644257068634,-0.15941734611988068,0.6493790149688721,-0.3716796338558197,-0.03127949312329292,-0.03127949312329292
-0.09757024049758911,-0.21256709098815918,0.32640257477760315,0.43247437477111816,-0.057824261486530304,-0.3065834939479828,-0.06160533428192139,-0.06160533428192139
-0.34560975432395935,0.4901025891304016,-0.16811487078666687,0.6455882787704468,-0.1287432163953781,-0.4249211549758911,-0.005555320531129837,-0.005555320531129837
-0.22126227617263794,0.46038538217544556,-0.263827919960022,-0.4382554590702057,-0.3175543248653412,0.6009665131568909,0.02883313223719597,0.02883313223719597
-0.1657232940196991,-0.16537421941757202,0.34593650698661804,-0.45139455795288086,-0.4870150685310364,0.7424134016036987,-0.03033846989274025,-0.03033846989274025
0.3845210075378418,-0.20232555270195007,-0.17832693457603455,0.576622724533081,-0.08999031782150269,-0.39882156252861023,-0.013470357283949852,-0.013470357283949852
-0.32761281728744507,0.5794816017150879,-0.2817697525024414,0.5837117433547974,-0.09709174931049347,-0.39909809827804565,0.007385503500699997,0.007385503500699997
0.5007368922233582,-0.2587380111217499,-0.237270787358284,-0.1585293561220169,0.744350790977478,-0.44569259881973267,0.0007208520546555519,0.0007208520546555519
-0.2740253806114197,-0.2181064486503601,0.5130516886711121,-0.3256305754184723,-0.4409240484237671,0.6047123074531555,0.029222708195447922,0.029222708195447922
0.41004353761672974,-0.24979013204574585,-0.15390384197235107,0.5947116613388062,-0.040546417236328125,-0.45166832208633423,-0.00734287966042757,-0.00734287966042757
-0.23687414824962616,-0.19371286034584045,0.4490089416503906,-0.2659108638763428,-0.3774484395980835,0.5072289705276489,0.03823854401707649,0.03823854401707649
